region,checkpoint,wait_time,timestamp_utc
DOMESTIC,MAIN,5,2025-10-20T21:58:36+00:00
DOMESTIC,NORTH,26,2025-10-20T21:58:36+00:00
DOMESTIC,LOWER NORTH,20,2025-10-20T21:58:36+00:00
DOMESTIC,SOUTH,8,2025-10-20T21:58:36+00:00
INTL,MAIN,2,2025-10-20T21:58:36+00:00
DOMESTIC,MAIN,6,2025-10-20T22:06:18+00:00
DOMESTIC,NORTH,21,2025-10-20T22:06:18+00:00
DOMESTIC,LOWER NORTH,17,2025-10-20T22:06:18+00:00
DOMESTIC,SOUTH,0,2025-10-20T22:06:18+00:00
INTL,MAIN,3,2025-10-20T22:06:18+00:00
DOMESTIC,MAIN,26,2025-10-20T22:16:35+00:00
DOMESTIC,NORTH,23,2025-10-20T22:16:35+00:00
DOMESTIC,LOWER NORTH,24,2025-10-20T22:16:35+00:00
DOMESTIC,SOUTH,1,2025-10-20T22:16:35+00:00
INTL,MAIN,3,2025-10-20T22:16:35+00:00
DOMESTIC,MAIN,4,2025-10-20T22:27:39+00:00
DOMESTIC,NORTH,27,2025-10-20T22:27:39+00:00
DOMESTIC,LOWER NORTH,32,2025-10-20T22:27:39+00:00
DOMESTIC,SOUTH,3,2025-10-20T22:27:39+00:00
INTL,MAIN,5,2025-10-20T22:27:39+00:00
DOMESTIC,MAIN,0,2025-10-20T22:36:03+00:00
DOMESTIC,NORTH,28,2025-10-20T22:36:03+00:00
DOMESTIC,LOWER NORTH,34,2025-10-20T22:36:03+00:00
DOMESTIC,SOUTH,11,2025-10-20T22:36:03+00:00
INTL,MAIN,6,2025-10-20T22:36:03+00:00
DOMESTIC,MAIN,4,2025-10-20T22:43:14+00:00
DOMESTIC,NORTH,28,2025-10-20T22:43:14+00:00
DOMESTIC,LOWER NORTH,23,2025-10-20T22:43:14+00:00
DOMESTIC,SOUTH,15,2025-10-20T22:43:14+00:00
INTL,MAIN,6,2025-10-20T22:43:14+00:00
DOMESTIC,MAIN,10,2025-10-20T22:49:10+00:00
DOMESTIC,NORTH,28,2025-10-20T22:49:10+00:00
DOMESTIC,LOWER NORTH,19,2025-10-20T22:49:10+00:00
DOMESTIC,SOUTH,17,2025-10-20T22:49:10+00:00
INTL,MAIN,7,2025-10-20T22:49:10+00:00
DOMESTIC,MAIN,12,2025-10-20T22:55:16+00:00
DOMESTIC,NORTH,24,2025-10-20T22:55:16+00:00
DOMESTIC,LOWER NORTH,17,2025-10-20T22:55:16+00:00
DOMESTIC,SOUTH,18,2025-10-20T22:55:16+00:00
INTL,MAIN,5,2025-10-20T22:55:16+00:00
DOMESTIC,MAIN,13,2025-10-20T23:01:49+00:00
DOMESTIC,NORTH,16,2025-10-20T23:01:49+00:00
DOMESTIC,LOWER NORTH,5,2025-10-20T23:01:49+00:00
DOMESTIC,SOUTH,15,2025-10-20T23:01:49+00:00
INTL,MAIN,3,2025-10-20T23:01:49+00:00
DOMESTIC,MAIN,6,2025-10-20T23:10:49+00:00
DOMESTIC,NORTH,31,2025-10-20T23:10:49+00:00
DOMESTIC,LOWER NORTH,0,2025-10-20T23:10:49+00:00
DOMESTIC,SOUTH,6,2025-10-20T23:10:49+00:00
INTL,MAIN,4,2025-10-20T23:10:49+00:00
DOMESTIC,MAIN,5,2025-10-20T23:21:41+00:00
DOMESTIC,NORTH,30,2025-10-20T23:21:41+00:00
DOMESTIC,LOWER NORTH,1,2025-10-20T23:21:41+00:00
DOMESTIC,SOUTH,2,2025-10-20T23:21:41+00:00
INTL,MAIN,5,2025-10-20T23:21:41+00:00
DOMESTIC,MAIN,3,2025-10-20T23:29:34+00:00
DOMESTIC,NORTH,16,2025-10-20T23:29:34+00:00
DOMESTIC,LOWER NORTH,0,2025-10-20T23:29:34+00:00
DOMESTIC,SOUTH,0,2025-10-20T23:29:34+00:00
INTL,MAIN,5,2025-10-20T23:29:34+00:00
DOMESTIC,MAIN,25,2025-10-20T23:36:23+00:00
DOMESTIC,SOUTH,0,2025-10-20T23:36:23+00:00
INTL,MAIN,4,2025-10-20T23:36:23+00:00
DOMESTIC,MAIN,25,2025-10-20T23:42:10+00:00
DOMESTIC,SOUTH,0,2025-10-20T23:42:10+00:00
INTL,MAIN,6,2025-10-20T23:42:10+00:00
DOMESTIC,MAIN,8,2025-10-20T23:48:40+00:00
DOMESTIC,SOUTH,0,2025-10-20T23:48:40+00:00
INTL,MAIN,6,2025-10-20T23:48:40+00:00
DOMESTIC,MAIN,5,2025-10-20T23:54:43+00:00
DOMESTIC,SOUTH,0,2025-10-20T23:54:43+00:00
INTL,MAIN,6,2025-10-20T23:54:43+00:00
DOMESTIC,MAIN,5,2025-10-21T00:00:38+00:00
DOMESTIC,SOUTH,0,2025-10-21T00:00:38+00:00
INTL,MAIN,4,2025-10-21T00:00:38+00:00
DOMESTIC,MAIN,9,2025-10-21T00:35:42+00:00
DOMESTIC,SOUTH,0,2025-10-21T00:35:42+00:00
INTL,MAIN,5,2025-10-21T00:35:42+00:00
DOMESTIC,MAIN,20,2025-10-21T01:01:24+00:00
DOMESTIC,SOUTH,0,2025-10-21T01:01:24+00:00
INTL,MAIN,4,2025-10-21T01:01:24+00:00
DOMESTIC,MAIN,2,2025-10-21T01:38:45+00:00
DOMESTIC,SOUTH,0,2025-10-21T01:38:45+00:00
INTL,MAIN,1,2025-10-21T01:38:45+00:00
DOMESTIC,MAIN,5,2025-10-21T02:14:54+00:00
DOMESTIC,SOUTH,0,2025-10-21T02:14:54+00:00
INTL,MAIN,1,2025-10-21T02:14:54+00:00
DOMESTIC,MAIN,6,2025-10-21T02:16:45+00:00
DOMESTIC,SOUTH,0,2025-10-21T02:16:45+00:00
INTL,MAIN,1,2025-10-21T02:16:45+00:00
DOMESTIC,MAIN,0,2025-10-21T02:48:05+00:00
DOMESTIC,SOUTH,0,2025-10-21T02:48:05+00:00
INTL,MAIN,2,2025-10-21T02:48:05+00:00
DOMESTIC,MAIN,0,2025-10-21T03:13:20+00:00
DOMESTIC,SOUTH,0,2025-10-21T03:13:20+00:00
INTL,MAIN,4,2025-10-21T03:13:20+00:00
DOMESTIC,MAIN,0,2025-10-21T03:31:06+00:00
DOMESTIC,SOUTH,0,2025-10-21T03:31:06+00:00
INTL,MAIN,1,2025-10-21T03:31:06+00:00
DOMESTIC,MAIN,0,2025-10-21T03:45:13+00:00
INTL,MAIN,1,2025-10-21T03:45:13+00:00
DOMESTIC,MAIN,0,2025-10-21T03:54:06+00:00
INTL,MAIN,1,2025-10-21T03:54:06+00:00
DOMESTIC,MAIN,0,2025-10-21T03:59:42+00:00
INTL,MAIN,1,2025-10-21T03:59:42+00:00
DOMESTIC,MAIN,0,2025-10-21T04:10:33+00:00
INTL,MAIN,1,2025-10-21T04:10:33+00:00
DOMESTIC,MAIN,0,2025-10-21T04:22:46+00:00
INTL,MAIN,1,2025-10-21T04:22:46+00:00
DOMESTIC,MAIN,0,2025-10-21T04:34:17+00:00
INTL,MAIN,1,2025-10-21T04:34:17+00:00
DOMESTIC,MAIN,0,2025-10-21T04:43:07+00:00
INTL,MAIN,1,2025-10-21T04:43:07+00:00
DOMESTIC,MAIN,0,2025-10-21T04:50:28+00:00
INTL,MAIN,1,2025-10-21T04:50:28+00:00
DOMESTIC,MAIN,0,2025-10-21T04:56:42+00:00
INTL,MAIN,1,2025-10-21T04:56:42+00:00
DOMESTIC,MAIN,0,2025-10-21T05:05:05+00:00
INTL,MAIN,1,2025-10-21T05:05:05+00:00
DOMESTIC,MAIN,0,2025-10-21T05:15:05+00:00
INTL,MAIN,1,2025-10-21T05:15:05+00:00
DOMESTIC,MAIN,0,2025-10-21T05:26:51+00:00
INTL,MAIN,1,2025-10-21T05:26:51+00:00
DOMESTIC,MAIN,0,2025-10-21T05:36:03+00:00
INTL,MAIN,1,2025-10-21T05:36:03+00:00
DOMESTIC,MAIN,0,2025-10-21T05:43:35+00:00
INTL,MAIN,1,2025-10-21T05:43:35+00:00
DOMESTIC,MAIN,1,2025-10-21T05:49:44+00:00
INTL,MAIN,1,2025-10-21T05:49:44+00:00
DOMESTIC,MAIN,1,2025-10-21T05:55:34+00:00
INTL,MAIN,1,2025-10-21T05:55:34+00:00
DOMESTIC,MAIN,1,2025-10-21T06:03:31+00:00
INTL,MAIN,1,2025-10-21T06:03:31+00:00
DOMESTIC,MAIN,0,2025-10-21T06:14:10+00:00
INTL,MAIN,0,2025-10-21T06:14:10+00:00
DOMESTIC,MAIN,1,2025-10-21T06:28:06+00:00
INTL,MAIN,0,2025-10-21T06:28:06+00:00
DOMESTIC,MAIN,0,2025-10-21T06:42:50+00:00
INTL,MAIN,1,2025-10-21T06:42:50+00:00
DOMESTIC,MAIN,0,2025-10-21T06:52:17+00:00
INTL,MAIN,1,2025-10-21T06:52:17+00:00
DOMESTIC,MAIN,0,2025-10-21T06:58:08+00:00
INTL,MAIN,1,2025-10-21T06:58:08+00:00
DOMESTIC,MAIN,0,2025-10-21T07:07:51+00:00
INTL,MAIN,1,2025-10-21T07:07:51+00:00
DOMESTIC,MAIN,0,2025-10-21T07:18:39+00:00
INTL,MAIN,1,2025-10-21T07:18:39+00:00
DOMESTIC,MAIN,0,2025-10-21T07:28:58+00:00
INTL,MAIN,1,2025-10-21T07:28:58+00:00
DOMESTIC,MAIN,2,2025-10-21T07:36:50+00:00
INTL,MAIN,1,2025-10-21T07:36:50+00:00
DOMESTIC,MAIN,3,2025-10-21T07:43:33+00:00
INTL,MAIN,1,2025-10-21T07:43:33+00:00
DOMESTIC,MAIN,2,2025-10-21T07:49:55+00:00
DOMESTIC,LOWER NORTH,1,2025-10-21T07:49:55+00:00
INTL,MAIN,1,2025-10-21T07:49:55+00:00
DOMESTIC,MAIN,0,2025-10-21T07:56:20+00:00
DOMESTIC,NORTH,2,2025-10-21T07:56:20+00:00
DOMESTIC,LOWER NORTH,2,2025-10-21T07:56:20+00:00
DOMESTIC,SOUTH,0,2025-10-21T07:56:20+00:00
INTL,MAIN,1,2025-10-21T07:56:20+00:00
DOMESTIC,MAIN,4,2025-10-21T08:05:05+00:00
DOMESTIC,NORTH,3,2025-10-21T08:05:05+00:00
DOMESTIC,LOWER NORTH,2,2025-10-21T08:05:05+00:00
DOMESTIC,SOUTH,0,2025-10-21T08:05:05+00:00
INTL,MAIN,0,2025-10-21T08:05:05+00:00
DOMESTIC,MAIN,2,2025-10-21T08:16:02+00:00
DOMESTIC,NORTH,3,2025-10-21T08:16:02+00:00
DOMESTIC,LOWER NORTH,2,2025-10-21T08:16:02+00:00
DOMESTIC,SOUTH,0,2025-10-21T08:16:02+00:00
INTL,MAIN,0,2025-10-21T08:16:02+00:00
DOMESTIC,MAIN,4,2025-10-21T08:30:34+00:00
DOMESTIC,NORTH,4,2025-10-21T08:30:34+00:00
DOMESTIC,LOWER NORTH,1,2025-10-21T08:30:34+00:00
DOMESTIC,SOUTH,0,2025-10-21T08:30:34+00:00
INTL,MAIN,2,2025-10-21T08:30:34+00:00
DOMESTIC,MAIN,5,2025-10-21T08:43:36+00:00
DOMESTIC,NORTH,3,2025-10-21T08:43:36+00:00
DOMESTIC,LOWER NORTH,1,2025-10-21T08:43:36+00:00
DOMESTIC,SOUTH,0,2025-10-21T08:43:36+00:00
INTL,MAIN,1,2025-10-21T08:43:36+00:00
DOMESTIC,MAIN,3,2025-10-21T08:53:23+00:00
DOMESTIC,NORTH,3,2025-10-21T08:53:23+00:00
DOMESTIC,LOWER NORTH,1,2025-10-21T08:53:23+00:00
DOMESTIC,SOUTH,1,2025-10-21T08:53:23+00:00
INTL,MAIN,2,2025-10-21T08:53:23+00:00
DOMESTIC,MAIN,1,2025-10-21T08:59:02+00:00
DOMESTIC,NORTH,4,2025-10-21T08:59:02+00:00
DOMESTIC,LOWER NORTH,1,2025-10-21T08:59:02+00:00
DOMESTIC,SOUTH,0,2025-10-21T08:59:02+00:00
INTL,MAIN,2,2025-10-21T08:59:02+00:00
DOMESTIC,MAIN,2,2025-10-21T09:11:58+00:00
DOMESTIC,NORTH,2,2025-10-21T09:11:58+00:00
DOMESTIC,LOWER NORTH,2,2025-10-21T09:11:58+00:00
DOMESTIC,SOUTH,0,2025-10-21T09:11:58+00:00
INTL,MAIN,1,2025-10-21T09:11:58+00:00
DOMESTIC,MAIN,4,2025-10-21T09:21:21+00:00
DOMESTIC,NORTH,4,2025-10-21T09:21:21+00:00
DOMESTIC,LOWER NORTH,0,2025-10-21T09:21:21+00:00
DOMESTIC,SOUTH,0,2025-10-21T09:21:21+00:00
INTL,MAIN,2,2025-10-21T09:21:21+00:00
DOMESTIC,MAIN,6,2025-10-21T09:32:33+00:00
DOMESTIC,NORTH,2,2025-10-21T09:32:33+00:00
DOMESTIC,LOWER NORTH,1,2025-10-21T09:32:33+00:00
DOMESTIC,SOUTH,0,2025-10-21T09:32:33+00:00
INTL,MAIN,2,2025-10-21T09:32:33+00:00
DOMESTIC,MAIN,4,2025-10-21T09:41:03+00:00
DOMESTIC,NORTH,3,2025-10-21T09:41:03+00:00
DOMESTIC,LOWER NORTH,1,2025-10-21T09:41:03+00:00
DOMESTIC,SOUTH,0,2025-10-21T09:41:03+00:00
INTL,MAIN,2,2025-10-21T09:41:03+00:00
DOMESTIC,MAIN,4,2025-10-21T09:48:14+00:00
DOMESTIC,NORTH,9,2025-10-21T09:48:14+00:00
DOMESTIC,LOWER NORTH,2,2025-10-21T09:48:14+00:00
DOMESTIC,SOUTH,0,2025-10-21T09:48:14+00:00
INTL,MAIN,3,2025-10-21T09:48:14+00:00
DOMESTIC,MAIN,7,2025-10-21T09:53:57+00:00
DOMESTIC,NORTH,15,2025-10-21T09:53:57+00:00
DOMESTIC,LOWER NORTH,1,2025-10-21T09:53:57+00:00
DOMESTIC,SOUTH,0,2025-10-21T09:53:57+00:00
INTL,MAIN,3,2025-10-21T09:53:57+00:00
DOMESTIC,MAIN,8,2025-10-21T09:59:35+00:00
DOMESTIC,NORTH,11,2025-10-21T09:59:35+00:00
DOMESTIC,LOWER NORTH,1,2025-10-21T09:59:35+00:00
DOMESTIC,SOUTH,0,2025-10-21T09:59:35+00:00
INTL,MAIN,2,2025-10-21T09:59:35+00:00
DOMESTIC,MAIN,4,2025-10-21T10:09:33+00:00
DOMESTIC,NORTH,15,2025-10-21T10:09:33+00:00
DOMESTIC,LOWER NORTH,4,2025-10-21T10:09:33+00:00
DOMESTIC,SOUTH,0,2025-10-21T10:09:33+00:00
INTL,MAIN,3,2025-10-21T10:09:33+00:00
DOMESTIC,MAIN,10,2025-10-21T10:20:42+00:00
DOMESTIC,NORTH,7,2025-10-21T10:20:42+00:00
DOMESTIC,LOWER NORTH,5,2025-10-21T10:20:42+00:00
DOMESTIC,SOUTH,7,2025-10-21T10:20:42+00:00
INTL,MAIN,5,2025-10-21T10:20:42+00:00
DOMESTIC,MAIN,13,2025-10-21T10:39:51+00:00
DOMESTIC,NORTH,8,2025-10-21T10:39:51+00:00
DOMESTIC,LOWER NORTH,6,2025-10-21T10:39:51+00:00
DOMESTIC,SOUTH,12,2025-10-21T10:39:51+00:00
INTL,MAIN,9,2025-10-21T10:39:51+00:00
DOMESTIC,MAIN,8,2025-10-21T10:42:35+00:00
DOMESTIC,NORTH,9,2025-10-21T10:42:35+00:00
DOMESTIC,LOWER NORTH,11,2025-10-21T10:42:35+00:00
DOMESTIC,SOUTH,9,2025-10-21T10:42:35+00:00
INTL,MAIN,8,2025-10-21T10:42:35+00:00
DOMESTIC,MAIN,5,2025-10-21T10:49:59+00:00
DOMESTIC,NORTH,16,2025-10-21T10:49:59+00:00
DOMESTIC,LOWER NORTH,15,2025-10-21T10:49:59+00:00
DOMESTIC,SOUTH,5,2025-10-21T10:49:59+00:00
INTL,MAIN,12,2025-10-21T10:49:59+00:00
DOMESTIC,MAIN,3,2025-10-21T10:56:05+00:00
DOMESTIC,NORTH,14,2025-10-21T10:56:05+00:00
DOMESTIC,LOWER NORTH,8,2025-10-21T10:56:05+00:00
DOMESTIC,SOUTH,4,2025-10-21T10:56:05+00:00
INTL,MAIN,11,2025-10-21T10:56:05+00:00
DOMESTIC,MAIN,4,2025-10-21T11:03:36+00:00
DOMESTIC,NORTH,12,2025-10-21T11:03:36+00:00
DOMESTIC,LOWER NORTH,5,2025-10-21T11:03:36+00:00
DOMESTIC,SOUTH,3,2025-10-21T11:03:36+00:00
INTL,MAIN,14,2025-10-21T11:03:36+00:00
DOMESTIC,MAIN,2,2025-10-21T11:12:24+00:00
DOMESTIC,NORTH,4,2025-10-21T11:12:24+00:00
DOMESTIC,LOWER NORTH,1,2025-10-21T11:12:24+00:00
DOMESTIC,SOUTH,1,2025-10-21T11:12:24+00:00
INTL,MAIN,8,2025-10-21T11:12:24+00:00
DOMESTIC,MAIN,3,2025-10-21T11:23:03+00:00
DOMESTIC,NORTH,3,2025-10-21T11:23:03+00:00
DOMESTIC,LOWER NORTH,0,2025-10-21T11:23:03+00:00
DOMESTIC,SOUTH,5,2025-10-21T11:23:03+00:00
INTL,MAIN,5,2025-10-21T11:23:03+00:00
DOMESTIC,MAIN,2,2025-10-21T11:30:21+00:00
DOMESTIC,NORTH,1,2025-10-21T11:30:21+00:00
DOMESTIC,LOWER NORTH,1,2025-10-21T11:30:21+00:00
DOMESTIC,SOUTH,4,2025-10-21T11:30:21+00:00
INTL,MAIN,4,2025-10-21T11:30:21+00:00
DOMESTIC,MAIN,1,2025-10-21T11:37:13+00:00
DOMESTIC,NORTH,2,2025-10-21T11:37:13+00:00
DOMESTIC,LOWER NORTH,0,2025-10-21T11:37:13+00:00
DOMESTIC,SOUTH,5,2025-10-21T11:37:13+00:00
INTL,MAIN,5,2025-10-21T11:37:13+00:00
DOMESTIC,MAIN,1,2025-10-21T11:43:27+00:00
DOMESTIC,NORTH,3,2025-10-21T11:43:27+00:00
DOMESTIC,LOWER NORTH,0,2025-10-21T11:43:27+00:00
DOMESTIC,SOUTH,2,2025-10-21T11:43:27+00:00
INTL,MAIN,5,2025-10-21T11:43:27+00:00
DOMESTIC,MAIN,1,2025-10-21T11:50:09+00:00
DOMESTIC,NORTH,2,2025-10-21T11:50:09+00:00
DOMESTIC,LOWER NORTH,1,2025-10-21T11:50:09+00:00
DOMESTIC,SOUTH,7,2025-10-21T11:50:09+00:00
INTL,MAIN,3,2025-10-21T11:50:09+00:00
DOMESTIC,MAIN,2,2025-10-21T11:56:21+00:00
DOMESTIC,NORTH,2,2025-10-21T11:56:21+00:00
DOMESTIC,LOWER NORTH,1,2025-10-21T11:56:21+00:00
DOMESTIC,SOUTH,2,2025-10-21T11:56:21+00:00
INTL,MAIN,3,2025-10-21T11:56:21+00:00
DOMESTIC,MAIN,3,2025-10-21T12:06:35+00:00
DOMESTIC,NORTH,1,2025-10-21T12:06:35+00:00
DOMESTIC,LOWER NORTH,0,2025-10-21T12:06:35+00:00
DOMESTIC,SOUTH,0,2025-10-21T12:06:35+00:00
INTL,MAIN,5,2025-10-21T12:06:35+00:00
DOMESTIC,MAIN,2,2025-10-21T12:20:57+00:00
DOMESTIC,NORTH,1,2025-10-21T12:20:57+00:00
DOMESTIC,LOWER NORTH,0,2025-10-21T12:20:57+00:00
DOMESTIC,SOUTH,0,2025-10-21T12:20:57+00:00
INTL,MAIN,3,2025-10-21T12:20:57+00:00
DOMESTIC,MAIN,0,2025-10-21T12:35:48+00:00
DOMESTIC,NORTH,4,2025-10-21T12:35:48+00:00
DOMESTIC,LOWER NORTH,2,2025-10-21T12:35:48+00:00
DOMESTIC,SOUTH,0,2025-10-21T12:35:48+00:00
INTL,MAIN,2,2025-10-21T12:35:48+00:00
DOMESTIC,MAIN,6,2025-10-21T12:58:17+00:00
DOMESTIC,NORTH,2,2025-10-21T12:58:17+00:00
DOMESTIC,LOWER NORTH,2,2025-10-21T12:58:17+00:00
DOMESTIC,SOUTH,0,2025-10-21T12:58:17+00:00
INTL,MAIN,5,2025-10-21T12:58:17+00:00
DOMESTIC,MAIN,4,2025-10-21T13:17:52+00:00
DOMESTIC,NORTH,3,2025-10-21T13:17:52+00:00
DOMESTIC,LOWER NORTH,1,2025-10-21T13:17:52+00:00
DOMESTIC,SOUTH,0,2025-10-21T13:17:52+00:00
INTL,MAIN,2,2025-10-21T13:17:52+00:00
DOMESTIC,MAIN,3,2025-10-21T13:33:17+00:00
DOMESTIC,NORTH,6,2025-10-21T13:33:17+00:00
DOMESTIC,LOWER NORTH,1,2025-10-21T13:33:17+00:00
DOMESTIC,SOUTH,0,2025-10-21T13:33:17+00:00
INTL,MAIN,2,2025-10-21T13:33:17+00:00
DOMESTIC,MAIN,8,2025-10-21T13:46:43+00:00
DOMESTIC,NORTH,3,2025-10-21T13:46:43+00:00
DOMESTIC,LOWER NORTH,4,2025-10-21T13:46:43+00:00
DOMESTIC,SOUTH,0,2025-10-21T13:46:43+00:00
INTL,MAIN,2,2025-10-21T13:46:43+00:00
DOMESTIC,MAIN,3,2025-10-21T13:54:35+00:00
DOMESTIC,NORTH,3,2025-10-21T13:54:35+00:00
DOMESTIC,LOWER NORTH,4,2025-10-21T13:54:35+00:00
DOMESTIC,SOUTH,0,2025-10-21T13:54:35+00:00
INTL,MAIN,1,2025-10-21T13:54:35+00:00
DOMESTIC,MAIN,9,2025-10-21T14:00:17+00:00
DOMESTIC,NORTH,7,2025-10-21T14:00:17+00:00
DOMESTIC,LOWER NORTH,22,2025-10-21T14:00:17+00:00
DOMESTIC,SOUTH,0,2025-10-21T14:00:17+00:00
INTL,MAIN,3,2025-10-21T14:00:17+00:00
DOMESTIC,MAIN,6,2025-10-21T14:09:38+00:00
DOMESTIC,NORTH,6,2025-10-21T14:09:38+00:00
DOMESTIC,LOWER NORTH,5,2025-10-21T14:09:38+00:00
DOMESTIC,SOUTH,0,2025-10-21T14:09:38+00:00
INTL,MAIN,2,2025-10-21T14:09:38+00:00
DOMESTIC,MAIN,7,2025-10-21T14:20:40+00:00
DOMESTIC,NORTH,7,2025-10-21T14:20:40+00:00
DOMESTIC,LOWER NORTH,5,2025-10-21T14:20:40+00:00
DOMESTIC,SOUTH,0,2025-10-21T14:20:40+00:00
INTL,MAIN,2,2025-10-21T14:20:40+00:00
DOMESTIC,MAIN,15,2025-10-21T14:31:22+00:00
DOMESTIC,NORTH,14,2025-10-21T14:31:22+00:00
DOMESTIC,LOWER NORTH,11,2025-10-21T14:31:22+00:00
DOMESTIC,SOUTH,0,2025-10-21T14:31:22+00:00
INTL,MAIN,2,2025-10-21T14:31:22+00:00
DOMESTIC,MAIN,13,2025-10-21T14:39:53+00:00
DOMESTIC,NORTH,10,2025-10-21T14:39:53+00:00
DOMESTIC,LOWER NORTH,15,2025-10-21T14:39:53+00:00
DOMESTIC,SOUTH,0,2025-10-21T14:39:53+00:00
INTL,MAIN,1,2025-10-21T14:39:53+00:00
DOMESTIC,MAIN,12,2025-10-21T14:50:13+00:00
DOMESTIC,NORTH,20,2025-10-21T14:50:13+00:00
DOMESTIC,LOWER NORTH,8,2025-10-21T14:50:13+00:00
DOMESTIC,SOUTH,0,2025-10-21T14:50:13+00:00
INTL,MAIN,6,2025-10-21T14:50:13+00:00
DOMESTIC,MAIN,17,2025-10-21T14:54:44+00:00
DOMESTIC,NORTH,15,2025-10-21T14:54:44+00:00
DOMESTIC,LOWER NORTH,10,2025-10-21T14:54:44+00:00
DOMESTIC,SOUTH,0,2025-10-21T14:54:44+00:00
INTL,MAIN,6,2025-10-21T14:54:44+00:00
DOMESTIC,MAIN,4,2025-10-21T15:00:21+00:00
DOMESTIC,NORTH,11,2025-10-21T15:00:21+00:00
DOMESTIC,LOWER NORTH,8,2025-10-21T15:00:21+00:00
DOMESTIC,SOUTH,0,2025-10-21T15:00:21+00:00
INTL,MAIN,7,2025-10-21T15:00:21+00:00
DOMESTIC,MAIN,2,2025-10-21T15:11:28+00:00
DOMESTIC,NORTH,10,2025-10-21T15:11:28+00:00
DOMESTIC,LOWER NORTH,4,2025-10-21T15:11:28+00:00
DOMESTIC,SOUTH,0,2025-10-21T15:11:28+00:00
INTL,MAIN,11,2025-10-21T15:11:28+00:00
DOMESTIC,MAIN,0,2025-10-21T15:21:01+00:00
DOMESTIC,NORTH,12,2025-10-21T15:21:01+00:00
DOMESTIC,LOWER NORTH,6,2025-10-21T15:21:01+00:00
DOMESTIC,SOUTH,0,2025-10-21T15:21:01+00:00
INTL,MAIN,8,2025-10-21T15:21:01+00:00
DOMESTIC,MAIN,2,2025-10-21T15:31:10+00:00
DOMESTIC,NORTH,15,2025-10-21T15:31:10+00:00
DOMESTIC,LOWER NORTH,3,2025-10-21T15:31:10+00:00
DOMESTIC,SOUTH,0,2025-10-21T15:31:10+00:00
INTL,MAIN,7,2025-10-21T15:31:10+00:00
DOMESTIC,MAIN,4,2025-10-21T15:39:39+00:00
DOMESTIC,NORTH,20,2025-10-21T15:39:39+00:00
DOMESTIC,LOWER NORTH,5,2025-10-21T15:39:39+00:00
DOMESTIC,SOUTH,0,2025-10-21T15:39:39+00:00
INTL,MAIN,5,2025-10-21T15:39:39+00:00
DOMESTIC,MAIN,2,2025-10-21T15:47:07+00:00
DOMESTIC,NORTH,22,2025-10-21T15:47:07+00:00
DOMESTIC,LOWER NORTH,16,2025-10-21T15:47:07+00:00
DOMESTIC,SOUTH,0,2025-10-21T15:47:07+00:00
INTL,MAIN,2,2025-10-21T15:47:07+00:00
DOMESTIC,MAIN,3,2025-10-21T15:53:44+00:00
DOMESTIC,NORTH,22,2025-10-21T15:53:44+00:00
DOMESTIC,LOWER NORTH,14,2025-10-21T15:53:44+00:00
DOMESTIC,SOUTH,1,2025-10-21T15:53:44+00:00
INTL,MAIN,3,2025-10-21T15:53:44+00:00
DOMESTIC,MAIN,4,2025-10-21T15:59:28+00:00
DOMESTIC,NORTH,17,2025-10-21T15:59:28+00:00
DOMESTIC,LOWER NORTH,10,2025-10-21T15:59:28+00:00
DOMESTIC,SOUTH,1,2025-10-21T15:59:28+00:00
INTL,MAIN,3,2025-10-21T15:59:28+00:00
DOMESTIC,MAIN,5,2025-10-21T16:10:57+00:00
DOMESTIC,NORTH,18,2025-10-21T16:10:57+00:00
DOMESTIC,LOWER NORTH,16,2025-10-21T16:10:57+00:00
DOMESTIC,SOUTH,2,2025-10-21T16:10:57+00:00
INTL,MAIN,2,2025-10-21T16:10:57+00:00
DOMESTIC,MAIN,1,2025-10-21T16:23:25+00:00
DOMESTIC,NORTH,14,2025-10-21T16:23:25+00:00
DOMESTIC,LOWER NORTH,10,2025-10-21T16:23:25+00:00
DOMESTIC,SOUTH,1,2025-10-21T16:23:25+00:00
INTL,MAIN,2,2025-10-21T16:23:25+00:00
DOMESTIC,MAIN,10,2025-10-21T16:36:41+00:00
DOMESTIC,NORTH,9,2025-10-21T16:36:41+00:00
DOMESTIC,LOWER NORTH,8,2025-10-21T16:36:41+00:00
DOMESTIC,SOUTH,8,2025-10-21T16:36:41+00:00
INTL,MAIN,5,2025-10-21T16:36:41+00:00
DOMESTIC,MAIN,3,2025-10-21T16:46:26+00:00
DOMESTIC,NORTH,16,2025-10-21T16:46:26+00:00
DOMESTIC,LOWER NORTH,5,2025-10-21T16:46:26+00:00
DOMESTIC,SOUTH,5,2025-10-21T16:46:26+00:00
INTL,MAIN,5,2025-10-21T16:46:26+00:00
DOMESTIC,MAIN,5,2025-10-21T16:54:13+00:00
DOMESTIC,NORTH,14,2025-10-21T16:54:13+00:00
DOMESTIC,LOWER NORTH,0,2025-10-21T16:54:13+00:00
DOMESTIC,SOUTH,0,2025-10-21T16:54:13+00:00
INTL,MAIN,4,2025-10-21T16:54:13+00:00
DOMESTIC,MAIN,8,2025-10-21T17:00:09+00:00
DOMESTIC,NORTH,13,2025-10-21T17:00:09+00:00
DOMESTIC,LOWER NORTH,0,2025-10-21T17:00:09+00:00
DOMESTIC,SOUTH,0,2025-10-21T17:00:09+00:00
INTL,MAIN,5,2025-10-21T17:00:09+00:00
DOMESTIC,MAIN,7,2025-10-21T17:09:11+00:00
DOMESTIC,NORTH,13,2025-10-21T17:09:11+00:00
DOMESTIC,LOWER NORTH,1,2025-10-21T17:09:11+00:00
DOMESTIC,SOUTH,0,2025-10-21T17:09:11+00:00
INTL,MAIN,6,2025-10-21T17:09:11+00:00
DOMESTIC,MAIN,9,2025-10-21T17:24:10+00:00
DOMESTIC,NORTH,6,2025-10-21T17:24:10+00:00
DOMESTIC,LOWER NORTH,1,2025-10-21T17:24:10+00:00
DOMESTIC,SOUTH,1,2025-10-21T17:24:10+00:00
INTL,MAIN,7,2025-10-21T17:24:10+00:00
DOMESTIC,MAIN,5,2025-10-21T17:30:04+00:00
DOMESTIC,NORTH,5,2025-10-21T17:30:04+00:00
DOMESTIC,LOWER NORTH,4,2025-10-21T17:30:04+00:00
DOMESTIC,SOUTH,2,2025-10-21T17:30:04+00:00
INTL,MAIN,4,2025-10-21T17:30:04+00:00
DOMESTIC,MAIN,6,2025-10-21T17:38:12+00:00
DOMESTIC,NORTH,3,2025-10-21T17:38:12+00:00
DOMESTIC,LOWER NORTH,1,2025-10-21T17:38:12+00:00
DOMESTIC,SOUTH,0,2025-10-21T17:38:12+00:00
INTL,MAIN,3,2025-10-21T17:38:12+00:00
DOMESTIC,MAIN,4,2025-10-21T17:45:18+00:00
DOMESTIC,NORTH,3,2025-10-21T17:45:18+00:00
DOMESTIC,LOWER NORTH,1,2025-10-21T17:45:18+00:00
DOMESTIC,SOUTH,0,2025-10-21T17:45:18+00:00
INTL,MAIN,5,2025-10-21T17:45:18+00:00
DOMESTIC,MAIN,7,2025-10-21T17:51:07+00:00
DOMESTIC,NORTH,2,2025-10-21T17:51:07+00:00
DOMESTIC,LOWER NORTH,2,2025-10-21T17:51:07+00:00
DOMESTIC,SOUTH,0,2025-10-21T17:51:07+00:00
INTL,MAIN,8,2025-10-21T17:51:07+00:00
DOMESTIC,MAIN,8,2025-10-21T17:56:49+00:00
DOMESTIC,NORTH,2,2025-10-21T17:56:49+00:00
DOMESTIC,LOWER NORTH,1,2025-10-21T17:56:49+00:00
DOMESTIC,SOUTH,1,2025-10-21T17:56:49+00:00
INTL,MAIN,12,2025-10-21T17:56:49+00:00
DOMESTIC,MAIN,6,2025-10-21T18:06:19+00:00
DOMESTIC,NORTH,6,2025-10-21T18:06:19+00:00
DOMESTIC,LOWER NORTH,5,2025-10-21T18:06:19+00:00
DOMESTIC,SOUTH,4,2025-10-21T18:06:19+00:00
INTL,MAIN,11,2025-10-21T18:06:19+00:00
DOMESTIC,MAIN,6,2025-10-21T18:18:38+00:00
DOMESTIC,NORTH,4,2025-10-21T18:18:38+00:00
DOMESTIC,LOWER NORTH,3,2025-10-21T18:18:38+00:00
DOMESTIC,SOUTH,10,2025-10-21T18:18:38+00:00
INTL,MAIN,12,2025-10-21T18:18:38+00:00
DOMESTIC,MAIN,10,2025-10-21T18:33:06+00:00
DOMESTIC,NORTH,5,2025-10-21T18:33:06+00:00
DOMESTIC,LOWER NORTH,1,2025-10-21T18:33:06+00:00
DOMESTIC,SOUTH,5,2025-10-21T18:33:06+00:00
INTL,MAIN,12,2025-10-21T18:33:06+00:00
DOMESTIC,MAIN,13,2025-10-21T18:45:35+00:00
DOMESTIC,NORTH,4,2025-10-21T18:45:35+00:00
DOMESTIC,LOWER NORTH,1,2025-10-21T18:45:35+00:00
DOMESTIC,SOUTH,9,2025-10-21T18:45:35+00:00
INTL,MAIN,13,2025-10-21T18:45:35+00:00
DOMESTIC,MAIN,15,2025-10-21T18:54:19+00:00
DOMESTIC,NORTH,1,2025-10-21T18:54:19+00:00
DOMESTIC,LOWER NORTH,1,2025-10-21T18:54:19+00:00
DOMESTIC,SOUTH,3,2025-10-21T18:54:19+00:00
INTL,MAIN,10,2025-10-21T18:54:19+00:00
DOMESTIC,MAIN,20,2025-10-21T19:00:09+00:00
DOMESTIC,NORTH,1,2025-10-21T19:00:09+00:00
DOMESTIC,LOWER NORTH,2,2025-10-21T19:00:09+00:00
DOMESTIC,SOUTH,3,2025-10-21T19:00:09+00:00
INTL,MAIN,7,2025-10-21T19:00:09+00:00
DOMESTIC,MAIN,26,2025-10-21T19:08:56+00:00
DOMESTIC,NORTH,2,2025-10-21T19:08:56+00:00
DOMESTIC,LOWER NORTH,1,2025-10-21T19:08:56+00:00
DOMESTIC,SOUTH,6,2025-10-21T19:08:56+00:00
INTL,MAIN,7,2025-10-21T19:08:56+00:00
DOMESTIC,MAIN,6,2025-10-21T19:19:20+00:00
DOMESTIC,NORTH,6,2025-10-21T19:19:20+00:00
DOMESTIC,LOWER NORTH,5,2025-10-21T19:19:20+00:00
DOMESTIC,SOUTH,17,2025-10-21T19:19:20+00:00
INTL,MAIN,4,2025-10-21T19:19:20+00:00
DOMESTIC,MAIN,5,2025-10-21T19:27:30+00:00
DOMESTIC,NORTH,11,2025-10-21T19:27:30+00:00
DOMESTIC,LOWER NORTH,9,2025-10-21T19:27:30+00:00
DOMESTIC,SOUTH,5,2025-10-21T19:27:30+00:00
INTL,MAIN,2,2025-10-21T19:27:30+00:00
DOMESTIC,MAIN,6,2025-10-21T19:34:34+00:00
DOMESTIC,NORTH,11,2025-10-21T19:34:34+00:00
DOMESTIC,LOWER NORTH,10,2025-10-21T19:34:34+00:00
DOMESTIC,SOUTH,1,2025-10-21T19:34:34+00:00
INTL,MAIN,3,2025-10-21T19:34:34+00:00
DOMESTIC,MAIN,6,2025-10-21T19:41:41+00:00
DOMESTIC,NORTH,11,2025-10-21T19:41:41+00:00
DOMESTIC,LOWER NORTH,5,2025-10-21T19:41:41+00:00
DOMESTIC,SOUTH,4,2025-10-21T19:41:41+00:00
INTL,MAIN,5,2025-10-21T19:41:41+00:00
DOMESTIC,MAIN,7,2025-10-21T19:47:58+00:00
DOMESTIC,NORTH,10,2025-10-21T19:47:58+00:00
DOMESTIC,LOWER NORTH,4,2025-10-21T19:47:58+00:00
DOMESTIC,SOUTH,3,2025-10-21T19:47:58+00:00
INTL,MAIN,7,2025-10-21T19:47:58+00:00
DOMESTIC,MAIN,14,2025-10-21T19:54:27+00:00
DOMESTIC,NORTH,6,2025-10-21T19:54:27+00:00
DOMESTIC,LOWER NORTH,1,2025-10-21T19:54:27+00:00
DOMESTIC,SOUTH,0,2025-10-21T19:54:27+00:00
INTL,MAIN,6,2025-10-21T19:54:27+00:00
DOMESTIC,MAIN,6,2025-10-21T20:00:13+00:00
DOMESTIC,NORTH,12,2025-10-21T20:00:13+00:00
DOMESTIC,LOWER NORTH,4,2025-10-21T20:00:13+00:00
DOMESTIC,SOUTH,0,2025-10-21T20:00:13+00:00
INTL,MAIN,5,2025-10-21T20:00:13+00:00
DOMESTIC,MAIN,20,2025-10-21T20:09:56+00:00
DOMESTIC,NORTH,15,2025-10-21T20:09:56+00:00
DOMESTIC,LOWER NORTH,3,2025-10-21T20:09:56+00:00
DOMESTIC,SOUTH,0,2025-10-21T20:09:56+00:00
INTL,MAIN,6,2025-10-21T20:09:56+00:00
DOMESTIC,MAIN,6,2025-10-21T20:21:29+00:00
DOMESTIC,NORTH,18,2025-10-21T20:21:29+00:00
DOMESTIC,LOWER NORTH,5,2025-10-21T20:21:29+00:00
DOMESTIC,SOUTH,0,2025-10-21T20:21:29+00:00
INTL,MAIN,3,2025-10-21T20:21:29+00:00
DOMESTIC,MAIN,1,2025-10-21T20:33:01+00:00
DOMESTIC,NORTH,12,2025-10-21T20:33:01+00:00
DOMESTIC,LOWER NORTH,9,2025-10-21T20:33:01+00:00
DOMESTIC,SOUTH,2,2025-10-21T20:33:01+00:00
INTL,MAIN,3,2025-10-21T20:33:01+00:00
DOMESTIC,MAIN,3,2025-10-21T20:41:47+00:00
DOMESTIC,NORTH,11,2025-10-21T20:41:47+00:00
DOMESTIC,LOWER NORTH,4,2025-10-21T20:41:47+00:00
DOMESTIC,SOUTH,2,2025-10-21T20:41:47+00:00
INTL,MAIN,2,2025-10-21T20:41:47+00:00
DOMESTIC,MAIN,6,2025-10-21T20:49:07+00:00
DOMESTIC,NORTH,7,2025-10-21T20:49:07+00:00
DOMESTIC,LOWER NORTH,3,2025-10-21T20:49:07+00:00
DOMESTIC,SOUTH,1,2025-10-21T20:49:07+00:00
INTL,MAIN,4,2025-10-21T20:49:07+00:00
DOMESTIC,MAIN,6,2025-10-21T20:55:23+00:00
DOMESTIC,NORTH,5,2025-10-21T20:55:23+00:00
DOMESTIC,LOWER NORTH,0,2025-10-21T20:55:23+00:00
DOMESTIC,SOUTH,1,2025-10-21T20:55:23+00:00
INTL,MAIN,3,2025-10-21T20:55:23+00:00
DOMESTIC,MAIN,2,2025-10-21T21:01:47+00:00
DOMESTIC,NORTH,6,2025-10-21T21:01:47+00:00
DOMESTIC,LOWER NORTH,0,2025-10-21T21:01:47+00:00
DOMESTIC,SOUTH,1,2025-10-21T21:01:47+00:00
INTL,MAIN,3,2025-10-21T21:01:47+00:00
DOMESTIC,MAIN,10,2025-10-21T21:10:47+00:00
DOMESTIC,NORTH,2,2025-10-21T21:10:47+00:00
DOMESTIC,LOWER NORTH,0,2025-10-21T21:10:47+00:00
DOMESTIC,SOUTH,4,2025-10-21T21:10:47+00:00
INTL,MAIN,3,2025-10-21T21:10:47+00:00
DOMESTIC,MAIN,7,2025-10-21T21:21:47+00:00
DOMESTIC,NORTH,4,2025-10-21T21:21:47+00:00
DOMESTIC,LOWER NORTH,1,2025-10-21T21:21:47+00:00
DOMESTIC,SOUTH,5,2025-10-21T21:21:47+00:00
INTL,MAIN,3,2025-10-21T21:21:47+00:00
DOMESTIC,MAIN,11,2025-10-21T21:30:09+00:00
DOMESTIC,NORTH,5,2025-10-21T21:30:09+00:00
DOMESTIC,LOWER NORTH,1,2025-10-21T21:30:09+00:00
DOMESTIC,SOUTH,1,2025-10-21T21:30:09+00:00
INTL,MAIN,3,2025-10-21T21:30:09+00:00
DOMESTIC,MAIN,8,2025-10-21T21:36:41+00:00
DOMESTIC,NORTH,6,2025-10-21T21:36:41+00:00
DOMESTIC,LOWER NORTH,6,2025-10-21T21:36:41+00:00
DOMESTIC,SOUTH,0,2025-10-21T21:36:41+00:00
INTL,MAIN,3,2025-10-21T21:36:41+00:00
DOMESTIC,MAIN,13,2025-10-21T21:43:14+00:00
DOMESTIC,NORTH,1,2025-10-21T21:43:14+00:00
DOMESTIC,LOWER NORTH,2,2025-10-21T21:43:14+00:00
DOMESTIC,SOUTH,0,2025-10-21T21:43:14+00:00
INTL,MAIN,4,2025-10-21T21:43:14+00:00
DOMESTIC,MAIN,13,2025-10-21T21:49:40+00:00
DOMESTIC,NORTH,1,2025-10-21T21:49:40+00:00
DOMESTIC,SOUTH,0,2025-10-21T21:49:40+00:00
INTL,MAIN,4,2025-10-21T21:49:40+00:00
DOMESTIC,MAIN,9,2025-10-21T21:55:30+00:00
DOMESTIC,NORTH,1,2025-10-21T21:55:30+00:00
DOMESTIC,SOUTH,1,2025-10-21T21:55:30+00:00
INTL,MAIN,1,2025-10-21T21:55:30+00:00
DOMESTIC,MAIN,5,2025-10-21T22:03:11+00:00
DOMESTIC,NORTH,1,2025-10-21T22:03:11+00:00
DOMESTIC,SOUTH,0,2025-10-21T22:03:11+00:00
INTL,MAIN,2,2025-10-21T22:03:11+00:00
DOMESTIC,MAIN,11,2025-10-21T22:12:30+00:00
DOMESTIC,NORTH,1,2025-10-21T22:12:30+00:00
DOMESTIC,SOUTH,0,2025-10-21T22:12:30+00:00
INTL,MAIN,3,2025-10-21T22:12:30+00:00
DOMESTIC,MAIN,4,2025-10-21T22:23:23+00:00
DOMESTIC,NORTH,5,2025-10-21T22:23:23+00:00
DOMESTIC,SOUTH,2,2025-10-21T22:23:23+00:00
INTL,MAIN,1,2025-10-21T22:23:23+00:00
DOMESTIC,MAIN,3,2025-10-21T22:31:59+00:00
DOMESTIC,NORTH,8,2025-10-21T22:31:59+00:00
DOMESTIC,SOUTH,1,2025-10-21T22:31:59+00:00
INTL,MAIN,3,2025-10-21T22:31:59+00:00
DOMESTIC,MAIN,12,2025-10-21T22:39:24+00:00
DOMESTIC,NORTH,5,2025-10-21T22:39:24+00:00
DOMESTIC,SOUTH,0,2025-10-21T22:39:24+00:00
INTL,MAIN,2,2025-10-21T22:39:24+00:00
DOMESTIC,MAIN,11,2025-10-21T22:45:13+00:00
DOMESTIC,NORTH,3,2025-10-21T22:45:13+00:00
DOMESTIC,SOUTH,0,2025-10-21T22:45:13+00:00
INTL,MAIN,2,2025-10-21T22:45:13+00:00
DOMESTIC,MAIN,5,2025-10-21T22:51:18+00:00
DOMESTIC,NORTH,3,2025-10-21T22:51:18+00:00
DOMESTIC,SOUTH,0,2025-10-21T22:51:18+00:00
INTL,MAIN,1,2025-10-21T22:51:18+00:00
DOMESTIC,MAIN,4,2025-10-21T22:56:58+00:00
DOMESTIC,NORTH,1,2025-10-21T22:56:58+00:00
DOMESTIC,SOUTH,0,2025-10-21T22:56:58+00:00
INTL,MAIN,1,2025-10-21T22:56:58+00:00
DOMESTIC,MAIN,6,2025-10-21T23:05:28+00:00
DOMESTIC,NORTH,1,2025-10-21T23:05:28+00:00
DOMESTIC,SOUTH,0,2025-10-21T23:05:28+00:00
INTL,MAIN,2,2025-10-21T23:05:28+00:00
DOMESTIC,MAIN,7,2025-10-21T23:15:44+00:00
DOMESTIC,NORTH,1,2025-10-21T23:15:44+00:00
DOMESTIC,SOUTH,0,2025-10-21T23:15:44+00:00
INTL,MAIN,1,2025-10-21T23:15:44+00:00
DOMESTIC,MAIN,1,2025-10-21T23:26:16+00:00
DOMESTIC,NORTH,1,2025-10-21T23:26:16+00:00
DOMESTIC,SOUTH,0,2025-10-21T23:26:16+00:00
INTL,MAIN,2,2025-10-21T23:26:16+00:00
DOMESTIC,MAIN,4,2025-10-21T23:33:10+00:00
DOMESTIC,NORTH,0,2025-10-21T23:33:10+00:00
DOMESTIC,SOUTH,0,2025-10-21T23:33:10+00:00
INTL,MAIN,1,2025-10-21T23:33:10+00:00
DOMESTIC,MAIN,2,2025-10-21T23:40:17+00:00
DOMESTIC,NORTH,0,2025-10-21T23:40:17+00:00
DOMESTIC,SOUTH,0,2025-10-21T23:40:17+00:00
INTL,MAIN,2,2025-10-21T23:40:17+00:00
DOMESTIC,MAIN,4,2025-10-21T23:46:26+00:00
DOMESTIC,NORTH,1,2025-10-21T23:46:26+00:00
DOMESTIC,SOUTH,0,2025-10-21T23:46:26+00:00
INTL,MAIN,2,2025-10-21T23:46:26+00:00
DOMESTIC,MAIN,1,2025-10-21T23:52:33+00:00
DOMESTIC,NORTH,0,2025-10-21T23:52:33+00:00
DOMESTIC,SOUTH,0,2025-10-21T23:52:33+00:00
INTL,MAIN,2,2025-10-21T23:52:33+00:00
DOMESTIC,MAIN,2,2025-10-21T23:58:17+00:00
DOMESTIC,NORTH,1,2025-10-21T23:58:17+00:00
DOMESTIC,SOUTH,0,2025-10-21T23:58:17+00:00
INTL,MAIN,3,2025-10-21T23:58:17+00:00
DOMESTIC,MAIN,0,2025-10-22T00:31:34+00:00
DOMESTIC,NORTH,2,2025-10-22T00:31:34+00:00
DOMESTIC,SOUTH,0,2025-10-22T00:31:34+00:00
INTL,MAIN,1,2025-10-22T00:31:34+00:00
DOMESTIC,MAIN,0,2025-10-22T00:55:43+00:00
DOMESTIC,NORTH,1,2025-10-22T00:55:43+00:00
DOMESTIC,SOUTH,0,2025-10-22T00:55:43+00:00
INTL,MAIN,3,2025-10-22T00:55:43+00:00
DOMESTIC,MAIN,1,2025-10-22T01:30:38+00:00
DOMESTIC,NORTH,1,2025-10-22T01:30:38+00:00
DOMESTIC,SOUTH,0,2025-10-22T01:30:38+00:00
INTL,MAIN,2,2025-10-22T01:30:38+00:00
DOMESTIC,MAIN,1,2025-10-22T02:14:44+00:00
DOMESTIC,NORTH,0,2025-10-22T02:14:44+00:00
DOMESTIC,SOUTH,0,2025-10-22T02:14:44+00:00
INTL,MAIN,4,2025-10-22T02:14:44+00:00
DOMESTIC,MAIN,0,2025-10-22T02:49:04+00:00
INTL,MAIN,3,2025-10-22T02:49:04+00:00
DOMESTIC,MAIN,0,2025-10-22T03:16:51+00:00
INTL,MAIN,3,2025-10-22T03:16:51+00:00
DOMESTIC,MAIN,1,2025-10-22T03:36:28+00:00
INTL,MAIN,2,2025-10-22T03:36:28+00:00
DOMESTIC,MAIN,1,2025-10-22T03:51:17+00:00
INTL,MAIN,0,2025-10-22T03:51:17+00:00
DOMESTIC,MAIN,2,2025-10-22T03:59:55+00:00
INTL,MAIN,0,2025-10-22T03:59:55+00:00
DOMESTIC,MAIN,1,2025-10-22T04:10:41+00:00
INTL,MAIN,0,2025-10-22T04:10:41+00:00
DOMESTIC,MAIN,0,2025-10-22T04:22:35+00:00
INTL,MAIN,0,2025-10-22T04:22:35+00:00
DOMESTIC,MAIN,0,2025-10-22T04:34:52+00:00
INTL,MAIN,0,2025-10-22T04:34:52+00:00
DOMESTIC,MAIN,0,2025-10-22T04:44:11+00:00
INTL,MAIN,0,2025-10-22T04:44:11+00:00
DOMESTIC,MAIN,0,2025-10-22T04:51:14+00:00
INTL,MAIN,0,2025-10-22T04:51:14+00:00
DOMESTIC,MAIN,0,2025-10-22T04:57:08+00:00
INTL,MAIN,0,2025-10-22T04:57:08+00:00
DOMESTIC,MAIN,0,2025-10-22T05:05:53+00:00
INTL,MAIN,0,2025-10-22T05:05:53+00:00
DOMESTIC,MAIN,0,2025-10-22T05:15:59+00:00
INTL,MAIN,0,2025-10-22T05:15:59+00:00
DOMESTIC,MAIN,1,2025-10-22T05:28:06+00:00
INTL,MAIN,0,2025-10-22T05:28:06+00:00
DOMESTIC,MAIN,0,2025-10-22T05:37:53+00:00
INTL,MAIN,0,2025-10-22T05:37:53+00:00
DOMESTIC,MAIN,0,2025-10-22T05:45:32+00:00
INTL,MAIN,0,2025-10-22T05:45:32+00:00
DOMESTIC,MAIN,0,2025-10-22T05:51:46+00:00
INTL,MAIN,0,2025-10-22T05:51:46+00:00
DOMESTIC,MAIN,0,2025-10-22T05:57:47+00:00
INTL,MAIN,0,2025-10-22T05:57:47+00:00
DOMESTIC,MAIN,0,2025-10-22T06:10:14+00:00
INTL,MAIN,0,2025-10-22T06:10:14+00:00
DOMESTIC,MAIN,0,2025-10-22T06:22:54+00:00
INTL,MAIN,0,2025-10-22T06:22:54+00:00
DOMESTIC,MAIN,0,2025-10-22T06:39:37+00:00
INTL,MAIN,0,2025-10-22T06:39:37+00:00
DOMESTIC,MAIN,1,2025-10-22T06:51:12+00:00
INTL,MAIN,0,2025-10-22T06:51:12+00:00
DOMESTIC,MAIN,1,2025-10-22T06:58:49+00:00
INTL,MAIN,0,2025-10-22T06:58:49+00:00
DOMESTIC,MAIN,1,2025-10-22T07:09:18+00:00
INTL,MAIN,0,2025-10-22T07:09:18+00:00
DOMESTIC,MAIN,0,2025-10-22T07:20:08+00:00
INTL,MAIN,0,2025-10-22T07:20:08+00:00
DOMESTIC,MAIN,4,2025-10-22T07:29:52+00:00
DOMESTIC,LOWER NORTH,1,2025-10-22T07:29:52+00:00
INTL,MAIN,0,2025-10-22T07:29:52+00:00
DOMESTIC,MAIN,6,2025-10-22T07:37:42+00:00
DOMESTIC,LOWER NORTH,1,2025-10-22T07:37:42+00:00
INTL,MAIN,0,2025-10-22T07:37:42+00:00
DOMESTIC,MAIN,2,2025-10-22T07:44:57+00:00
DOMESTIC,LOWER NORTH,1,2025-10-22T07:44:57+00:00
INTL,MAIN,0,2025-10-22T07:44:57+00:00
DOMESTIC,MAIN,0,2025-10-22T07:51:07+00:00
DOMESTIC,LOWER NORTH,1,2025-10-22T07:51:07+00:00
INTL,MAIN,0,2025-10-22T07:51:07+00:00
DOMESTIC,MAIN,2,2025-10-22T07:57:31+00:00
DOMESTIC,NORTH,1,2025-10-22T07:57:31+00:00
DOMESTIC,LOWER NORTH,1,2025-10-22T07:57:31+00:00
DOMESTIC,SOUTH,0,2025-10-22T07:57:31+00:00
INTL,MAIN,0,2025-10-22T07:57:31+00:00
DOMESTIC,MAIN,3,2025-10-22T08:08:40+00:00
DOMESTIC,NORTH,3,2025-10-22T08:08:40+00:00
DOMESTIC,LOWER NORTH,1,2025-10-22T08:08:40+00:00
DOMESTIC,SOUTH,1,2025-10-22T08:08:40+00:00
INTL,MAIN,0,2025-10-22T08:08:40+00:00
DOMESTIC,MAIN,5,2025-10-22T08:20:44+00:00
DOMESTIC,NORTH,1,2025-10-22T08:20:44+00:00
DOMESTIC,LOWER NORTH,1,2025-10-22T08:20:44+00:00
DOMESTIC,SOUTH,0,2025-10-22T08:20:44+00:00
INTL,MAIN,2,2025-10-22T08:20:44+00:00
DOMESTIC,MAIN,3,2025-10-22T08:36:18+00:00
DOMESTIC,NORTH,4,2025-10-22T08:36:18+00:00
DOMESTIC,LOWER NORTH,1,2025-10-22T08:36:18+00:00
DOMESTIC,SOUTH,0,2025-10-22T08:36:18+00:00
INTL,MAIN,1,2025-10-22T08:36:18+00:00
DOMESTIC,MAIN,5,2025-10-22T08:48:09+00:00
DOMESTIC,NORTH,2,2025-10-22T08:48:09+00:00
DOMESTIC,LOWER NORTH,5,2025-10-22T08:48:09+00:00
DOMESTIC,SOUTH,0,2025-10-22T08:48:09+00:00
INTL,MAIN,3,2025-10-22T08:48:09+00:00
DOMESTIC,MAIN,1,2025-10-22T08:57:19+00:00
DOMESTIC,NORTH,1,2025-10-22T08:57:19+00:00
DOMESTIC,LOWER NORTH,3,2025-10-22T08:57:19+00:00
DOMESTIC,SOUTH,0,2025-10-22T08:57:19+00:00
INTL,MAIN,3,2025-10-22T08:57:19+00:00
DOMESTIC,MAIN,6,2025-10-22T09:07:08+00:00
DOMESTIC,NORTH,4,2025-10-22T09:07:08+00:00
DOMESTIC,LOWER NORTH,2,2025-10-22T09:07:08+00:00
DOMESTIC,SOUTH,0,2025-10-22T09:07:08+00:00
INTL,MAIN,1,2025-10-22T09:07:08+00:00
DOMESTIC,MAIN,2,2025-10-22T09:18:22+00:00
DOMESTIC,NORTH,7,2025-10-22T09:18:22+00:00
DOMESTIC,LOWER NORTH,2,2025-10-22T09:18:22+00:00
DOMESTIC,SOUTH,0,2025-10-22T09:18:22+00:00
INTL,MAIN,3,2025-10-22T09:18:22+00:00
DOMESTIC,MAIN,5,2025-10-22T09:31:29+00:00
DOMESTIC,NORTH,4,2025-10-22T09:31:29+00:00
DOMESTIC,LOWER NORTH,2,2025-10-22T09:31:29+00:00
DOMESTIC,SOUTH,0,2025-10-22T09:31:29+00:00
INTL,MAIN,3,2025-10-22T09:31:29+00:00
DOMESTIC,MAIN,16,2025-10-22T09:40:45+00:00
DOMESTIC,NORTH,0,2025-10-22T09:40:45+00:00
DOMESTIC,LOWER NORTH,3,2025-10-22T09:40:45+00:00
DOMESTIC,SOUTH,0,2025-10-22T09:40:45+00:00
INTL,MAIN,3,2025-10-22T09:40:45+00:00
DOMESTIC,MAIN,12,2025-10-22T09:48:23+00:00
DOMESTIC,NORTH,11,2025-10-22T09:48:23+00:00
DOMESTIC,LOWER NORTH,4,2025-10-22T09:48:23+00:00
DOMESTIC,SOUTH,2,2025-10-22T09:48:23+00:00
INTL,MAIN,2,2025-10-22T09:48:23+00:00
DOMESTIC,MAIN,9,2025-10-22T09:54:21+00:00
DOMESTIC,NORTH,7,2025-10-22T09:54:21+00:00
DOMESTIC,LOWER NORTH,6,2025-10-22T09:54:21+00:00
DOMESTIC,SOUTH,3,2025-10-22T09:54:21+00:00
INTL,MAIN,2,2025-10-22T09:54:21+00:00
DOMESTIC,MAIN,6,2025-10-22T10:00:11+00:00
DOMESTIC,NORTH,12,2025-10-22T10:00:11+00:00
DOMESTIC,LOWER NORTH,6,2025-10-22T10:00:11+00:00
DOMESTIC,SOUTH,6,2025-10-22T10:00:11+00:00
INTL,MAIN,2,2025-10-22T10:00:11+00:00
DOMESTIC,MAIN,14,2025-10-22T10:10:18+00:00
DOMESTIC,NORTH,9,2025-10-22T10:10:18+00:00
DOMESTIC,LOWER NORTH,3,2025-10-22T10:10:18+00:00
DOMESTIC,SOUTH,7,2025-10-22T10:10:18+00:00
INTL,MAIN,5,2025-10-22T10:10:18+00:00
DOMESTIC,MAIN,17,2025-10-22T10:21:47+00:00
DOMESTIC,NORTH,5,2025-10-22T10:21:47+00:00
DOMESTIC,LOWER NORTH,12,2025-10-22T10:21:47+00:00
DOMESTIC,SOUTH,8,2025-10-22T10:21:47+00:00
INTL,MAIN,2,2025-10-22T10:21:47+00:00
DOMESTIC,MAIN,9,2025-10-22T10:35:22+00:00
DOMESTIC,NORTH,17,2025-10-22T10:35:22+00:00
DOMESTIC,LOWER NORTH,21,2025-10-22T10:35:22+00:00
DOMESTIC,SOUTH,36,2025-10-22T10:35:22+00:00
INTL,MAIN,5,2025-10-22T10:35:22+00:00
DOMESTIC,MAIN,6,2025-10-22T10:45:03+00:00
DOMESTIC,NORTH,16,2025-10-22T10:45:03+00:00
DOMESTIC,LOWER NORTH,19,2025-10-22T10:45:03+00:00
DOMESTIC,SOUTH,31,2025-10-22T10:45:03+00:00
INTL,MAIN,8,2025-10-22T10:45:03+00:00
DOMESTIC,MAIN,7,2025-10-22T10:52:32+00:00
DOMESTIC,NORTH,23,2025-10-22T10:52:32+00:00
DOMESTIC,LOWER NORTH,15,2025-10-22T10:52:32+00:00
DOMESTIC,SOUTH,41,2025-10-22T10:52:32+00:00
INTL,MAIN,6,2025-10-22T10:52:32+00:00
DOMESTIC,MAIN,8,2025-10-22T10:58:34+00:00
DOMESTIC,NORTH,20,2025-10-22T10:58:34+00:00
DOMESTIC,LOWER NORTH,9,2025-10-22T10:58:34+00:00
DOMESTIC,SOUTH,27,2025-10-22T10:58:34+00:00
INTL,MAIN,7,2025-10-22T10:58:34+00:00
DOMESTIC,MAIN,3,2025-10-22T11:07:58+00:00
DOMESTIC,NORTH,15,2025-10-22T11:07:58+00:00
DOMESTIC,LOWER NORTH,12,2025-10-22T11:07:58+00:00
DOMESTIC,SOUTH,18,2025-10-22T11:07:58+00:00
INTL,MAIN,6,2025-10-22T11:07:58+00:00
DOMESTIC,MAIN,1,2025-10-22T11:17:45+00:00
DOMESTIC,NORTH,8,2025-10-22T11:17:45+00:00
DOMESTIC,LOWER NORTH,6,2025-10-22T11:17:45+00:00
DOMESTIC,SOUTH,4,2025-10-22T11:17:45+00:00
INTL,MAIN,6,2025-10-22T11:17:45+00:00
DOMESTIC,MAIN,5,2025-10-22T11:27:15+00:00
DOMESTIC,NORTH,2,2025-10-22T11:27:15+00:00
DOMESTIC,LOWER NORTH,2,2025-10-22T11:27:15+00:00
DOMESTIC,SOUTH,4,2025-10-22T11:27:15+00:00
INTL,MAIN,3,2025-10-22T11:27:15+00:00
DOMESTIC,MAIN,2,2025-10-22T11:34:26+00:00
DOMESTIC,NORTH,4,2025-10-22T11:34:26+00:00
DOMESTIC,LOWER NORTH,0,2025-10-22T11:34:26+00:00
DOMESTIC,SOUTH,5,2025-10-22T11:34:26+00:00
INTL,MAIN,3,2025-10-22T11:34:26+00:00
DOMESTIC,MAIN,4,2025-10-22T11:42:01+00:00
DOMESTIC,NORTH,1,2025-10-22T11:42:01+00:00
DOMESTIC,LOWER NORTH,2,2025-10-22T11:42:01+00:00
DOMESTIC,SOUTH,5,2025-10-22T11:42:01+00:00
INTL,MAIN,3,2025-10-22T11:42:01+00:00
DOMESTIC,MAIN,5,2025-10-22T11:48:40+00:00
DOMESTIC,NORTH,2,2025-10-22T11:48:40+00:00
DOMESTIC,LOWER NORTH,1,2025-10-22T11:48:40+00:00
DOMESTIC,SOUTH,0,2025-10-22T11:48:40+00:00
INTL,MAIN,3,2025-10-22T11:48:40+00:00
DOMESTIC,MAIN,4,2025-10-22T11:55:02+00:00
DOMESTIC,NORTH,1,2025-10-22T11:55:02+00:00
DOMESTIC,LOWER NORTH,4,2025-10-22T11:55:02+00:00
DOMESTIC,SOUTH,0,2025-10-22T11:55:02+00:00
INTL,MAIN,2,2025-10-22T11:55:02+00:00
DOMESTIC,MAIN,4,2025-10-22T12:01:46+00:00
DOMESTIC,NORTH,6,2025-10-22T12:01:46+00:00
DOMESTIC,LOWER NORTH,5,2025-10-22T12:01:46+00:00
DOMESTIC,SOUTH,0,2025-10-22T12:01:46+00:00
INTL,MAIN,3,2025-10-22T12:01:46+00:00
DOMESTIC,MAIN,2,2025-10-22T12:15:54+00:00
DOMESTIC,NORTH,7,2025-10-22T12:15:54+00:00
DOMESTIC,LOWER NORTH,2,2025-10-22T12:15:54+00:00
DOMESTIC,SOUTH,0,2025-10-22T12:15:54+00:00
INTL,MAIN,2,2025-10-22T12:15:54+00:00
DOMESTIC,MAIN,10,2025-10-22T12:31:29+00:00
DOMESTIC,NORTH,1,2025-10-22T12:31:29+00:00
DOMESTIC,LOWER NORTH,1,2025-10-22T12:31:29+00:00
DOMESTIC,SOUTH,0,2025-10-22T12:31:29+00:00
INTL,MAIN,2,2025-10-22T12:31:29+00:00
DOMESTIC,MAIN,12,2025-10-22T12:53:24+00:00
DOMESTIC,NORTH,1,2025-10-22T12:53:24+00:00
DOMESTIC,LOWER NORTH,1,2025-10-22T12:53:24+00:00
DOMESTIC,SOUTH,1,2025-10-22T12:53:24+00:00
INTL,MAIN,2,2025-10-22T12:53:24+00:00
DOMESTIC,MAIN,3,2025-10-22T13:10:24+00:00
DOMESTIC,NORTH,4,2025-10-22T13:10:24+00:00
DOMESTIC,LOWER NORTH,4,2025-10-22T13:10:24+00:00
DOMESTIC,SOUTH,0,2025-10-22T13:10:24+00:00
INTL,MAIN,2,2025-10-22T13:10:24+00:00
DOMESTIC,MAIN,8,2025-10-22T13:25:12+00:00
DOMESTIC,NORTH,3,2025-10-22T13:25:12+00:00
DOMESTIC,LOWER NORTH,1,2025-10-22T13:25:12+00:00
DOMESTIC,SOUTH,0,2025-10-22T13:25:12+00:00
INTL,MAIN,2,2025-10-22T13:25:12+00:00
DOMESTIC,MAIN,5,2025-10-22T13:40:52+00:00
DOMESTIC,NORTH,3,2025-10-22T13:40:52+00:00
DOMESTIC,LOWER NORTH,3,2025-10-22T13:40:52+00:00
DOMESTIC,SOUTH,0,2025-10-22T13:40:52+00:00
INTL,MAIN,3,2025-10-22T13:40:52+00:00
DOMESTIC,MAIN,7,2025-10-22T13:51:28+00:00
DOMESTIC,NORTH,1,2025-10-22T13:51:28+00:00
DOMESTIC,LOWER NORTH,12,2025-10-22T13:51:28+00:00
DOMESTIC,SOUTH,0,2025-10-22T13:51:28+00:00
INTL,MAIN,3,2025-10-22T13:51:28+00:00
DOMESTIC,MAIN,2,2025-10-22T13:58:21+00:00
DOMESTIC,NORTH,2,2025-10-22T13:58:21+00:00
DOMESTIC,LOWER NORTH,3,2025-10-22T13:58:21+00:00
DOMESTIC,SOUTH,1,2025-10-22T13:58:21+00:00
INTL,MAIN,2,2025-10-22T13:58:21+00:00
DOMESTIC,MAIN,3,2025-10-22T14:08:39+00:00
DOMESTIC,NORTH,3,2025-10-22T14:08:39+00:00
DOMESTIC,LOWER NORTH,1,2025-10-22T14:08:39+00:00
DOMESTIC,SOUTH,1,2025-10-22T14:08:39+00:00
INTL,MAIN,2,2025-10-22T14:08:39+00:00
DOMESTIC,MAIN,6,2025-10-22T14:20:02+00:00
DOMESTIC,NORTH,2,2025-10-22T14:20:02+00:00
DOMESTIC,LOWER NORTH,1,2025-10-22T14:20:02+00:00
DOMESTIC,SOUTH,7,2025-10-22T14:20:02+00:00
INTL,MAIN,3,2025-10-22T14:20:02+00:00
DOMESTIC,MAIN,11,2025-10-22T14:33:22+00:00
DOMESTIC,NORTH,3,2025-10-22T14:33:22+00:00
DOMESTIC,LOWER NORTH,1,2025-10-22T14:33:22+00:00
DOMESTIC,SOUTH,0,2025-10-22T14:33:22+00:00
INTL,MAIN,5,2025-10-22T14:33:22+00:00
DOMESTIC,MAIN,2,2025-10-22T14:44:04+00:00
DOMESTIC,NORTH,2,2025-10-22T14:44:04+00:00
DOMESTIC,LOWER NORTH,0,2025-10-22T14:44:04+00:00
DOMESTIC,SOUTH,1,2025-10-22T14:44:04+00:00
INTL,MAIN,5,2025-10-22T14:44:04+00:00
DOMESTIC,MAIN,1,2025-10-22T14:52:54+00:00
DOMESTIC,NORTH,3,2025-10-22T14:52:54+00:00
DOMESTIC,LOWER NORTH,6,2025-10-22T14:52:54+00:00
DOMESTIC,SOUTH,0,2025-10-22T14:52:54+00:00
INTL,MAIN,6,2025-10-22T14:52:54+00:00
DOMESTIC,MAIN,1,2025-10-22T14:58:40+00:00
DOMESTIC,NORTH,2,2025-10-22T14:58:40+00:00
DOMESTIC,LOWER NORTH,4,2025-10-22T14:58:40+00:00
DOMESTIC,SOUTH,0,2025-10-22T14:58:40+00:00
INTL,MAIN,8,2025-10-22T14:58:40+00:00
DOMESTIC,MAIN,1,2025-10-22T15:08:09+00:00
DOMESTIC,NORTH,1,2025-10-22T15:08:09+00:00
DOMESTIC,LOWER NORTH,11,2025-10-22T15:08:09+00:00
DOMESTIC,SOUTH,0,2025-10-22T15:08:09+00:00
INTL,MAIN,3,2025-10-22T15:08:09+00:00
DOMESTIC,MAIN,0,2025-10-22T15:18:53+00:00
DOMESTIC,NORTH,4,2025-10-22T15:18:53+00:00
DOMESTIC,LOWER NORTH,2,2025-10-22T15:18:53+00:00
DOMESTIC,SOUTH,1,2025-10-22T15:18:53+00:00
INTL,MAIN,2,2025-10-22T15:18:53+00:00
DOMESTIC,MAIN,0,2025-10-22T15:31:12+00:00
DOMESTIC,NORTH,5,2025-10-22T15:31:12+00:00
DOMESTIC,LOWER NORTH,6,2025-10-22T15:31:12+00:00
DOMESTIC,SOUTH,0,2025-10-22T15:31:12+00:00
INTL,MAIN,4,2025-10-22T15:31:12+00:00
DOMESTIC,MAIN,2,2025-10-22T15:39:42+00:00
DOMESTIC,NORTH,10,2025-10-22T15:39:42+00:00
DOMESTIC,LOWER NORTH,12,2025-10-22T15:39:42+00:00
DOMESTIC,SOUTH,0,2025-10-22T15:39:42+00:00
INTL,MAIN,8,2025-10-22T15:39:42+00:00
DOMESTIC,MAIN,1,2025-10-22T15:46:24+00:00
DOMESTIC,NORTH,9,2025-10-22T15:46:24+00:00
DOMESTIC,LOWER NORTH,2,2025-10-22T15:46:24+00:00
DOMESTIC,SOUTH,2,2025-10-22T15:46:24+00:00
INTL,MAIN,6,2025-10-22T15:46:24+00:00
DOMESTIC,MAIN,1,2025-10-22T15:53:03+00:00
DOMESTIC,NORTH,14,2025-10-22T15:53:03+00:00
DOMESTIC,LOWER NORTH,5,2025-10-22T15:53:03+00:00
DOMESTIC,SOUTH,1,2025-10-22T15:53:03+00:00
INTL,MAIN,5,2025-10-22T15:53:03+00:00
DOMESTIC,MAIN,2,2025-10-22T15:59:36+00:00
DOMESTIC,NORTH,13,2025-10-22T15:59:36+00:00
DOMESTIC,LOWER NORTH,11,2025-10-22T15:59:36+00:00
DOMESTIC,SOUTH,0,2025-10-22T15:59:36+00:00
INTL,MAIN,3,2025-10-22T15:59:36+00:00
DOMESTIC,MAIN,1,2025-10-22T16:10:47+00:00
DOMESTIC,NORTH,15,2025-10-22T16:10:47+00:00
DOMESTIC,LOWER NORTH,18,2025-10-22T16:10:47+00:00
DOMESTIC,SOUTH,7,2025-10-22T16:10:47+00:00
INTL,MAIN,3,2025-10-22T16:10:47+00:00
DOMESTIC,MAIN,2,2025-10-22T16:23:25+00:00
DOMESTIC,NORTH,19,2025-10-22T16:23:25+00:00
DOMESTIC,LOWER NORTH,16,2025-10-22T16:23:25+00:00
DOMESTIC,SOUTH,19,2025-10-22T16:23:25+00:00
INTL,MAIN,2,2025-10-22T16:23:25+00:00
DOMESTIC,MAIN,1,2025-10-22T16:37:48+00:00
DOMESTIC,NORTH,21,2025-10-22T16:37:48+00:00
DOMESTIC,LOWER NORTH,22,2025-10-22T16:37:48+00:00
DOMESTIC,SOUTH,3,2025-10-22T16:37:48+00:00
INTL,MAIN,2,2025-10-22T16:37:48+00:00
DOMESTIC,MAIN,5,2025-10-22T16:48:43+00:00
DOMESTIC,NORTH,27,2025-10-22T16:48:43+00:00
DOMESTIC,LOWER NORTH,24,2025-10-22T16:48:43+00:00
DOMESTIC,SOUTH,14,2025-10-22T16:48:43+00:00
INTL,MAIN,6,2025-10-22T16:48:43+00:00
DOMESTIC,MAIN,6,2025-10-22T16:56:42+00:00
DOMESTIC,NORTH,25,2025-10-22T16:56:42+00:00
DOMESTIC,LOWER NORTH,26,2025-10-22T16:56:42+00:00
DOMESTIC,SOUTH,15,2025-10-22T16:56:42+00:00
INTL,MAIN,7,2025-10-22T16:56:42+00:00
DOMESTIC,MAIN,6,2025-10-22T17:05:18+00:00
DOMESTIC,NORTH,15,2025-10-22T17:05:18+00:00
DOMESTIC,LOWER NORTH,20,2025-10-22T17:05:18+00:00
DOMESTIC,SOUTH,20,2025-10-22T17:05:18+00:00
INTL,MAIN,7,2025-10-22T17:05:18+00:00
DOMESTIC,MAIN,6,2025-10-22T17:15:36+00:00
DOMESTIC,NORTH,14,2025-10-22T17:15:36+00:00
DOMESTIC,LOWER NORTH,22,2025-10-22T17:15:36+00:00
DOMESTIC,SOUTH,7,2025-10-22T17:15:36+00:00
INTL,MAIN,5,2025-10-22T17:15:36+00:00
DOMESTIC,MAIN,6,2025-10-22T17:26:27+00:00
DOMESTIC,NORTH,20,2025-10-22T17:26:27+00:00
DOMESTIC,LOWER NORTH,19,2025-10-22T17:26:27+00:00
DOMESTIC,SOUTH,13,2025-10-22T17:26:27+00:00
INTL,MAIN,4,2025-10-22T17:26:27+00:00
DOMESTIC,MAIN,7,2025-10-22T17:33:53+00:00
DOMESTIC,NORTH,22,2025-10-22T17:33:53+00:00
DOMESTIC,LOWER NORTH,15,2025-10-22T17:33:53+00:00
DOMESTIC,SOUTH,13,2025-10-22T17:33:53+00:00
INTL,MAIN,8,2025-10-22T17:33:53+00:00
DOMESTIC,MAIN,6,2025-10-22T17:41:40+00:00
DOMESTIC,NORTH,24,2025-10-22T17:41:40+00:00
DOMESTIC,LOWER NORTH,15,2025-10-22T17:41:40+00:00
DOMESTIC,SOUTH,11,2025-10-22T17:41:40+00:00
INTL,MAIN,7,2025-10-22T17:41:40+00:00
DOMESTIC,MAIN,6,2025-10-22T17:48:01+00:00
DOMESTIC,NORTH,13,2025-10-22T17:48:01+00:00
DOMESTIC,LOWER NORTH,23,2025-10-22T17:48:01+00:00
DOMESTIC,SOUTH,8,2025-10-22T17:48:01+00:00
INTL,MAIN,8,2025-10-22T17:48:01+00:00
DOMESTIC,MAIN,6,2025-10-22T17:54:34+00:00
DOMESTIC,NORTH,17,2025-10-22T17:54:34+00:00
DOMESTIC,LOWER NORTH,17,2025-10-22T17:54:34+00:00
DOMESTIC,SOUTH,8,2025-10-22T17:54:34+00:00
INTL,MAIN,9,2025-10-22T17:54:34+00:00
DOMESTIC,MAIN,7,2025-10-22T18:00:18+00:00
DOMESTIC,NORTH,20,2025-10-22T18:00:18+00:00
DOMESTIC,LOWER NORTH,21,2025-10-22T18:00:18+00:00
DOMESTIC,SOUTH,8,2025-10-22T18:00:18+00:00
INTL,MAIN,8,2025-10-22T18:00:18+00:00
DOMESTIC,MAIN,7,2025-10-22T18:13:09+00:00
DOMESTIC,NORTH,22,2025-10-22T18:13:09+00:00
DOMESTIC,LOWER NORTH,22,2025-10-22T18:13:09+00:00
DOMESTIC,SOUTH,7,2025-10-22T18:13:09+00:00
INTL,MAIN,10,2025-10-22T18:13:09+00:00
DOMESTIC,MAIN,7,2025-10-22T18:26:46+00:00
DOMESTIC,NORTH,21,2025-10-22T18:26:46+00:00
DOMESTIC,LOWER NORTH,12,2025-10-22T18:26:46+00:00
DOMESTIC,SOUTH,6,2025-10-22T18:26:46+00:00
INTL,MAIN,11,2025-10-22T18:26:46+00:00
DOMESTIC,MAIN,6,2025-10-22T18:42:29+00:00
DOMESTIC,NORTH,15,2025-10-22T18:42:29+00:00
DOMESTIC,LOWER NORTH,3,2025-10-22T18:42:29+00:00
DOMESTIC,SOUTH,8,2025-10-22T18:42:29+00:00
INTL,MAIN,12,2025-10-22T18:42:29+00:00
DOMESTIC,MAIN,6,2025-10-22T18:52:55+00:00
DOMESTIC,NORTH,20,2025-10-22T18:52:55+00:00
DOMESTIC,LOWER NORTH,1,2025-10-22T18:52:55+00:00
DOMESTIC,SOUTH,6,2025-10-22T18:52:55+00:00
INTL,MAIN,16,2025-10-22T18:52:55+00:00
DOMESTIC,MAIN,7,2025-10-22T18:59:35+00:00
DOMESTIC,NORTH,15,2025-10-22T18:59:35+00:00
DOMESTIC,LOWER NORTH,1,2025-10-22T18:59:35+00:00
DOMESTIC,SOUTH,9,2025-10-22T18:59:35+00:00
INTL,MAIN,11,2025-10-22T18:59:35+00:00
DOMESTIC,MAIN,8,2025-10-22T19:08:42+00:00
DOMESTIC,NORTH,9,2025-10-22T19:08:42+00:00
DOMESTIC,LOWER NORTH,1,2025-10-22T19:08:42+00:00
DOMESTIC,SOUTH,12,2025-10-22T19:08:42+00:00
INTL,MAIN,8,2025-10-22T19:08:42+00:00
DOMESTIC,MAIN,7,2025-10-22T19:18:13+00:00
DOMESTIC,NORTH,8,2025-10-22T19:18:13+00:00
DOMESTIC,LOWER NORTH,1,2025-10-22T19:18:13+00:00
DOMESTIC,SOUTH,5,2025-10-22T19:18:13+00:00
INTL,MAIN,8,2025-10-22T19:18:13+00:00
DOMESTIC,MAIN,1,2025-10-22T19:25:51+00:00
DOMESTIC,NORTH,13,2025-10-22T19:25:51+00:00
DOMESTIC,LOWER NORTH,1,2025-10-22T19:25:51+00:00
DOMESTIC,SOUTH,11,2025-10-22T19:25:51+00:00
INTL,MAIN,9,2025-10-22T19:25:51+00:00
DOMESTIC,MAIN,2,2025-10-22T19:32:37+00:00
DOMESTIC,NORTH,12,2025-10-22T19:32:37+00:00
DOMESTIC,LOWER NORTH,1,2025-10-22T19:32:37+00:00
DOMESTIC,SOUTH,5,2025-10-22T19:32:37+00:00
INTL,MAIN,9,2025-10-22T19:32:37+00:00
DOMESTIC,MAIN,6,2025-10-22T19:39:37+00:00
DOMESTIC,NORTH,7,2025-10-22T19:39:37+00:00
DOMESTIC,LOWER NORTH,1,2025-10-22T19:39:37+00:00
DOMESTIC,SOUTH,6,2025-10-22T19:39:37+00:00
INTL,MAIN,10,2025-10-22T19:39:37+00:00
DOMESTIC,MAIN,7,2025-10-22T19:45:18+00:00
DOMESTIC,NORTH,11,2025-10-22T19:45:18+00:00
DOMESTIC,LOWER NORTH,0,2025-10-22T19:45:18+00:00
DOMESTIC,SOUTH,19,2025-10-22T19:45:18+00:00
INTL,MAIN,8,2025-10-22T19:45:18+00:00
DOMESTIC,MAIN,7,2025-10-22T19:51:55+00:00
DOMESTIC,NORTH,6,2025-10-22T19:51:55+00:00
DOMESTIC,LOWER NORTH,0,2025-10-22T19:51:55+00:00
DOMESTIC,SOUTH,8,2025-10-22T19:51:55+00:00
INTL,MAIN,9,2025-10-22T19:51:55+00:00
DOMESTIC,MAIN,6,2025-10-22T19:57:56+00:00
DOMESTIC,NORTH,2,2025-10-22T19:57:56+00:00
DOMESTIC,LOWER NORTH,1,2025-10-22T19:57:56+00:00
DOMESTIC,SOUTH,4,2025-10-22T19:57:56+00:00
INTL,MAIN,12,2025-10-22T19:57:56+00:00
DOMESTIC,MAIN,9,2025-10-22T20:07:58+00:00
DOMESTIC,NORTH,7,2025-10-22T20:07:58+00:00
DOMESTIC,LOWER NORTH,1,2025-10-22T20:07:58+00:00
DOMESTIC,SOUTH,19,2025-10-22T20:07:58+00:00
INTL,MAIN,12,2025-10-22T20:07:58+00:00
DOMESTIC,MAIN,9,2025-10-22T20:20:04+00:00
DOMESTIC,NORTH,19,2025-10-22T20:20:04+00:00
DOMESTIC,LOWER NORTH,1,2025-10-22T20:20:04+00:00
DOMESTIC,SOUTH,6,2025-10-22T20:20:04+00:00
INTL,MAIN,10,2025-10-22T20:20:04+00:00
DOMESTIC,MAIN,4,2025-10-22T20:32:12+00:00
DOMESTIC,NORTH,26,2025-10-22T20:32:12+00:00
DOMESTIC,LOWER NORTH,1,2025-10-22T20:32:12+00:00
DOMESTIC,SOUTH,9,2025-10-22T20:32:12+00:00
INTL,MAIN,8,2025-10-22T20:32:12+00:00
DOMESTIC,MAIN,5,2025-10-22T20:40:17+00:00
DOMESTIC,NORTH,25,2025-10-22T20:40:17+00:00
DOMESTIC,LOWER NORTH,2,2025-10-22T20:40:17+00:00
DOMESTIC,SOUTH,5,2025-10-22T20:40:17+00:00
INTL,MAIN,9,2025-10-22T20:40:17+00:00
DOMESTIC,MAIN,3,2025-10-22T20:46:30+00:00
DOMESTIC,NORTH,18,2025-10-22T20:46:30+00:00
DOMESTIC,LOWER NORTH,1,2025-10-22T20:46:30+00:00
DOMESTIC,SOUTH,3,2025-10-22T20:46:30+00:00
INTL,MAIN,8,2025-10-22T20:46:30+00:00
DOMESTIC,MAIN,4,2025-10-22T20:52:53+00:00
DOMESTIC,NORTH,14,2025-10-22T20:52:53+00:00
DOMESTIC,LOWER NORTH,2,2025-10-22T20:52:53+00:00
DOMESTIC,SOUTH,8,2025-10-22T20:52:53+00:00
INTL,MAIN,6,2025-10-22T20:52:53+00:00
DOMESTIC,MAIN,5,2025-10-22T20:58:44+00:00
DOMESTIC,NORTH,14,2025-10-22T20:58:44+00:00
DOMESTIC,LOWER NORTH,1,2025-10-22T20:58:44+00:00
DOMESTIC,SOUTH,7,2025-10-22T20:58:44+00:00
INTL,MAIN,5,2025-10-22T20:58:44+00:00
DOMESTIC,MAIN,4,2025-10-22T21:07:10+00:00
DOMESTIC,NORTH,13,2025-10-22T21:07:10+00:00
DOMESTIC,LOWER NORTH,1,2025-10-22T21:07:10+00:00
DOMESTIC,SOUTH,9,2025-10-22T21:07:10+00:00
INTL,MAIN,4,2025-10-22T21:07:10+00:00
DOMESTIC,MAIN,3,2025-10-22T21:16:58+00:00
DOMESTIC,NORTH,17,2025-10-22T21:16:58+00:00
DOMESTIC,LOWER NORTH,2,2025-10-22T21:16:58+00:00
DOMESTIC,SOUTH,8,2025-10-22T21:16:58+00:00
INTL,MAIN,3,2025-10-22T21:16:58+00:00
DOMESTIC,MAIN,4,2025-10-22T21:24:36+00:00
DOMESTIC,NORTH,10,2025-10-22T21:24:36+00:00
DOMESTIC,LOWER NORTH,1,2025-10-22T21:24:36+00:00
DOMESTIC,SOUTH,3,2025-10-22T21:24:36+00:00
INTL,MAIN,4,2025-10-22T21:24:36+00:00
DOMESTIC,MAIN,3,2025-10-22T21:30:43+00:00
DOMESTIC,NORTH,10,2025-10-22T21:30:43+00:00
DOMESTIC,LOWER NORTH,1,2025-10-22T21:30:43+00:00
DOMESTIC,SOUTH,1,2025-10-22T21:30:43+00:00
INTL,MAIN,4,2025-10-22T21:30:43+00:00
DOMESTIC,MAIN,4,2025-10-22T21:37:53+00:00
DOMESTIC,NORTH,8,2025-10-22T21:37:53+00:00
DOMESTIC,LOWER NORTH,1,2025-10-22T21:37:53+00:00
DOMESTIC,SOUTH,4,2025-10-22T21:37:53+00:00
INTL,MAIN,3,2025-10-22T21:37:53+00:00
DOMESTIC,MAIN,4,2025-10-22T21:43:36+00:00
DOMESTIC,NORTH,6,2025-10-22T21:43:36+00:00
DOMESTIC,LOWER NORTH,1,2025-10-22T21:43:36+00:00
DOMESTIC,SOUTH,5,2025-10-22T21:43:36+00:00
INTL,MAIN,2,2025-10-22T21:43:36+00:00
DOMESTIC,MAIN,4,2025-10-22T21:49:48+00:00
DOMESTIC,NORTH,7,2025-10-22T21:49:48+00:00
DOMESTIC,LOWER NORTH,3,2025-10-22T21:49:48+00:00
DOMESTIC,SOUTH,7,2025-10-22T21:49:48+00:00
INTL,MAIN,1,2025-10-22T21:49:48+00:00
DOMESTIC,MAIN,5,2025-10-22T21:55:58+00:00
DOMESTIC,NORTH,15,2025-10-22T21:55:58+00:00
DOMESTIC,LOWER NORTH,1,2025-10-22T21:55:58+00:00
DOMESTIC,SOUTH,5,2025-10-22T21:55:58+00:00
INTL,MAIN,3,2025-10-22T21:55:58+00:00
DOMESTIC,MAIN,6,2025-10-22T22:03:03+00:00
DOMESTIC,NORTH,8,2025-10-22T22:03:03+00:00
DOMESTIC,LOWER NORTH,1,2025-10-22T22:03:03+00:00
DOMESTIC,SOUTH,3,2025-10-22T22:03:03+00:00
INTL,MAIN,4,2025-10-22T22:03:03+00:00
DOMESTIC,MAIN,7,2025-10-22T22:12:10+00:00
DOMESTIC,NORTH,2,2025-10-22T22:12:10+00:00
DOMESTIC,LOWER NORTH,1,2025-10-22T22:12:10+00:00
DOMESTIC,SOUTH,1,2025-10-22T22:12:10+00:00
INTL,MAIN,4,2025-10-22T22:12:10+00:00
DOMESTIC,MAIN,7,2025-10-22T22:22:24+00:00
DOMESTIC,NORTH,4,2025-10-22T22:22:24+00:00
DOMESTIC,LOWER NORTH,1,2025-10-22T22:22:24+00:00
DOMESTIC,SOUTH,0,2025-10-22T22:22:24+00:00
INTL,MAIN,7,2025-10-22T22:22:24+00:00
DOMESTIC,MAIN,7,2025-10-22T22:30:05+00:00
DOMESTIC,NORTH,1,2025-10-22T22:30:05+00:00
DOMESTIC,LOWER NORTH,0,2025-10-22T22:30:05+00:00
DOMESTIC,SOUTH,0,2025-10-22T22:30:05+00:00
INTL,MAIN,6,2025-10-22T22:30:05+00:00
DOMESTIC,MAIN,1,2025-10-22T22:36:37+00:00
DOMESTIC,NORTH,8,2025-10-22T22:36:37+00:00
DOMESTIC,LOWER NORTH,0,2025-10-22T22:36:37+00:00
DOMESTIC,SOUTH,0,2025-10-22T22:36:37+00:00
INTL,MAIN,3,2025-10-22T22:36:37+00:00
DOMESTIC,MAIN,6,2025-10-22T22:42:37+00:00
DOMESTIC,NORTH,5,2025-10-22T22:42:37+00:00
DOMESTIC,LOWER NORTH,0,2025-10-22T22:42:37+00:00
DOMESTIC,SOUTH,0,2025-10-22T22:42:37+00:00
INTL,MAIN,5,2025-10-22T22:42:37+00:00
DOMESTIC,MAIN,3,2025-10-22T22:49:03+00:00
DOMESTIC,NORTH,2,2025-10-22T22:49:03+00:00
DOMESTIC,LOWER NORTH,1,2025-10-22T22:49:03+00:00
DOMESTIC,SOUTH,0,2025-10-22T22:49:03+00:00
INTL,MAIN,8,2025-10-22T22:49:03+00:00
DOMESTIC,MAIN,5,2025-10-22T22:55:27+00:00
DOMESTIC,NORTH,3,2025-10-22T22:55:27+00:00
DOMESTIC,LOWER NORTH,1,2025-10-22T22:55:27+00:00
DOMESTIC,SOUTH,1,2025-10-22T22:55:27+00:00
INTL,MAIN,6,2025-10-22T22:55:27+00:00
DOMESTIC,MAIN,4,2025-10-22T23:02:47+00:00
DOMESTIC,NORTH,2,2025-10-22T23:02:47+00:00
DOMESTIC,LOWER NORTH,1,2025-10-22T23:02:47+00:00
DOMESTIC,SOUTH,0,2025-10-22T23:02:47+00:00
INTL,MAIN,8,2025-10-22T23:02:47+00:00
DOMESTIC,MAIN,4,2025-10-22T23:11:40+00:00
DOMESTIC,NORTH,4,2025-10-22T23:11:40+00:00
DOMESTIC,LOWER NORTH,1,2025-10-22T23:11:40+00:00
DOMESTIC,SOUTH,0,2025-10-22T23:11:40+00:00
INTL,MAIN,10,2025-10-22T23:11:40+00:00
DOMESTIC,MAIN,1,2025-10-22T23:22:29+00:00
DOMESTIC,NORTH,2,2025-10-22T23:22:29+00:00
DOMESTIC,LOWER NORTH,1,2025-10-22T23:22:29+00:00
DOMESTIC,SOUTH,0,2025-10-22T23:22:29+00:00
INTL,MAIN,12,2025-10-22T23:22:29+00:00
DOMESTIC,MAIN,3,2025-10-22T23:29:45+00:00
DOMESTIC,NORTH,1,2025-10-22T23:29:45+00:00
DOMESTIC,LOWER NORTH,1,2025-10-22T23:29:45+00:00
DOMESTIC,SOUTH,1,2025-10-22T23:29:45+00:00
INTL,MAIN,13,2025-10-22T23:29:45+00:00
DOMESTIC,MAIN,8,2025-10-22T23:36:24+00:00
DOMESTIC,NORTH,3,2025-10-22T23:36:24+00:00
DOMESTIC,LOWER NORTH,1,2025-10-22T23:36:24+00:00
DOMESTIC,SOUTH,0,2025-10-22T23:36:24+00:00
INTL,MAIN,0,2025-10-22T23:36:24+00:00
DOMESTIC,MAIN,10,2025-10-22T23:42:23+00:00
DOMESTIC,NORTH,1,2025-10-22T23:42:23+00:00
DOMESTIC,LOWER NORTH,1,2025-10-22T23:42:23+00:00
DOMESTIC,SOUTH,0,2025-10-22T23:42:23+00:00
INTL,MAIN,14,2025-10-22T23:42:23+00:00
DOMESTIC,MAIN,18,2025-10-22T23:48:47+00:00
DOMESTIC,NORTH,1,2025-10-22T23:48:47+00:00
DOMESTIC,LOWER NORTH,1,2025-10-22T23:48:47+00:00
DOMESTIC,SOUTH,0,2025-10-22T23:48:47+00:00
INTL,MAIN,12,2025-10-22T23:48:47+00:00
DOMESTIC,MAIN,25,2025-10-22T23:54:44+00:00
DOMESTIC,NORTH,2,2025-10-22T23:54:44+00:00
DOMESTIC,LOWER NORTH,1,2025-10-22T23:54:44+00:00
DOMESTIC,SOUTH,0,2025-10-22T23:54:44+00:00
INTL,MAIN,10,2025-10-22T23:54:44+00:00
DOMESTIC,MAIN,22,2025-10-23T00:00:55+00:00
DOMESTIC,NORTH,2,2025-10-23T00:00:55+00:00
DOMESTIC,LOWER NORTH,1,2025-10-23T00:00:55+00:00
DOMESTIC,SOUTH,0,2025-10-23T00:00:55+00:00
INTL,MAIN,9,2025-10-23T00:00:55+00:00
DOMESTIC,MAIN,5,2025-10-23T00:35:20+00:00
DOMESTIC,NORTH,1,2025-10-23T00:35:20+00:00
DOMESTIC,LOWER NORTH,1,2025-10-23T00:35:20+00:00
DOMESTIC,SOUTH,0,2025-10-23T00:35:20+00:00
INTL,MAIN,3,2025-10-23T00:35:20+00:00
DOMESTIC,MAIN,4,2025-10-23T01:00:54+00:00
DOMESTIC,NORTH,2,2025-10-23T01:00:54+00:00
DOMESTIC,LOWER NORTH,1,2025-10-23T01:00:54+00:00
DOMESTIC,SOUTH,0,2025-10-23T01:00:54+00:00
INTL,MAIN,3,2025-10-23T01:00:54+00:00
DOMESTIC,MAIN,3,2025-10-23T01:37:36+00:00
DOMESTIC,NORTH,1,2025-10-23T01:37:36+00:00
DOMESTIC,LOWER NORTH,1,2025-10-23T01:37:36+00:00
DOMESTIC,SOUTH,0,2025-10-23T01:37:36+00:00
INTL,MAIN,1,2025-10-23T01:37:36+00:00
DOMESTIC,MAIN,0,2025-10-23T02:15:09+00:00
DOMESTIC,NORTH,1,2025-10-23T02:15:09+00:00
DOMESTIC,LOWER NORTH,1,2025-10-23T02:15:09+00:00
DOMESTIC,SOUTH,0,2025-10-23T02:15:09+00:00
INTL,MAIN,1,2025-10-23T02:15:09+00:00
DOMESTIC,MAIN,0,2025-10-23T02:45:44+00:00
DOMESTIC,NORTH,1,2025-10-23T02:45:44+00:00
DOMESTIC,LOWER NORTH,1,2025-10-23T02:45:44+00:00
DOMESTIC,SOUTH,0,2025-10-23T02:45:44+00:00
INTL,MAIN,2,2025-10-23T02:45:44+00:00
DOMESTIC,MAIN,1,2025-10-23T03:10:48+00:00
DOMESTIC,NORTH,1,2025-10-23T03:10:48+00:00
DOMESTIC,LOWER NORTH,1,2025-10-23T03:10:48+00:00
DOMESTIC,SOUTH,0,2025-10-23T03:10:48+00:00
INTL,MAIN,3,2025-10-23T03:10:48+00:00
DOMESTIC,MAIN,0,2025-10-23T03:28:17+00:00
DOMESTIC,NORTH,1,2025-10-23T03:28:17+00:00
DOMESTIC,LOWER NORTH,1,2025-10-23T03:28:17+00:00
DOMESTIC,SOUTH,0,2025-10-23T03:28:17+00:00
INTL,MAIN,2,2025-10-23T03:28:17+00:00
DOMESTIC,MAIN,0,2025-10-23T03:42:48+00:00
DOMESTIC,NORTH,0,2025-10-23T03:42:48+00:00
DOMESTIC,LOWER NORTH,1,2025-10-23T03:42:48+00:00
DOMESTIC,SOUTH,0,2025-10-23T03:42:48+00:00
INTL,MAIN,2,2025-10-23T03:42:48+00:00
DOMESTIC,MAIN,1,2025-10-23T03:52:28+00:00
INTL,MAIN,0,2025-10-23T03:52:28+00:00
DOMESTIC,MAIN,0,2025-10-23T03:58:08+00:00
INTL,MAIN,0,2025-10-23T03:58:08+00:00
DOMESTIC,MAIN,0,2025-10-23T04:08:27+00:00
INTL,MAIN,0,2025-10-23T04:08:27+00:00
DOMESTIC,MAIN,0,2025-10-23T04:19:44+00:00
INTL,MAIN,0,2025-10-23T04:19:44+00:00
DOMESTIC,MAIN,0,2025-10-23T04:32:29+00:00
INTL,MAIN,0,2025-10-23T04:32:29+00:00
DOMESTIC,MAIN,0,2025-10-23T04:41:25+00:00
INTL,MAIN,0,2025-10-23T04:41:25+00:00
DOMESTIC,MAIN,0,2025-10-23T04:48:29+00:00
INTL,MAIN,0,2025-10-23T04:48:29+00:00
DOMESTIC,MAIN,0,2025-10-23T04:54:44+00:00
INTL,MAIN,0,2025-10-23T04:54:44+00:00
DOMESTIC,MAIN,0,2025-10-23T05:01:00+00:00
INTL,MAIN,0,2025-10-23T05:01:00+00:00
DOMESTIC,MAIN,0,2025-10-23T05:10:07+00:00
INTL,MAIN,0,2025-10-23T05:10:07+00:00
DOMESTIC,MAIN,0,2025-10-23T05:21:17+00:00
INTL,MAIN,0,2025-10-23T05:21:17+00:00
DOMESTIC,MAIN,0,2025-10-23T05:31:54+00:00
INTL,MAIN,0,2025-10-23T05:31:54+00:00
DOMESTIC,MAIN,0,2025-10-23T05:39:59+00:00
INTL,MAIN,0,2025-10-23T05:39:59+00:00
DOMESTIC,MAIN,0,2025-10-23T05:46:27+00:00
INTL,MAIN,0,2025-10-23T05:46:27+00:00
DOMESTIC,MAIN,0,2025-10-23T05:52:45+00:00
INTL,MAIN,0,2025-10-23T05:52:45+00:00
DOMESTIC,MAIN,0,2025-10-23T05:58:53+00:00
INTL,MAIN,0,2025-10-23T05:58:53+00:00
DOMESTIC,MAIN,0,2025-10-23T06:13:02+00:00
INTL,MAIN,0,2025-10-23T06:13:02+00:00
DOMESTIC,MAIN,0,2025-10-23T06:26:24+00:00
INTL,MAIN,0,2025-10-23T06:26:24+00:00
DOMESTIC,MAIN,0,2025-10-23T06:41:35+00:00
INTL,MAIN,0,2025-10-23T06:41:35+00:00
DOMESTIC,MAIN,0,2025-10-23T06:51:58+00:00
INTL,MAIN,0,2025-10-23T06:51:58+00:00
DOMESTIC,MAIN,0,2025-10-23T06:58:26+00:00
INTL,MAIN,0,2025-10-23T06:58:26+00:00
DOMESTIC,MAIN,0,2025-10-23T07:08:54+00:00
INTL,MAIN,0,2025-10-23T07:08:54+00:00
DOMESTIC,MAIN,1,2025-10-23T07:19:48+00:00
INTL,MAIN,0,2025-10-23T07:19:48+00:00
DOMESTIC,MAIN,0,2025-10-23T07:29:27+00:00
INTL,MAIN,0,2025-10-23T07:29:27+00:00
DOMESTIC,MAIN,0,2025-10-23T07:36:50+00:00
INTL,MAIN,0,2025-10-23T07:36:50+00:00
DOMESTIC,MAIN,0,2025-10-23T07:44:04+00:00
DOMESTIC,LOWER NORTH,12,2025-10-23T07:44:04+00:00
INTL,MAIN,0,2025-10-23T07:44:04+00:00
DOMESTIC,MAIN,1,2025-10-23T07:50:14+00:00
DOMESTIC,LOWER NORTH,10,2025-10-23T07:50:14+00:00
INTL,MAIN,0,2025-10-23T07:50:14+00:00
DOMESTIC,MAIN,1,2025-10-23T07:56:21+00:00
DOMESTIC,NORTH,1,2025-10-23T07:56:21+00:00
DOMESTIC,LOWER NORTH,6,2025-10-23T07:56:21+00:00
DOMESTIC,SOUTH,0,2025-10-23T07:56:21+00:00
INTL,MAIN,0,2025-10-23T07:56:21+00:00
DOMESTIC,MAIN,0,2025-10-23T08:05:13+00:00
DOMESTIC,NORTH,1,2025-10-23T08:05:13+00:00
DOMESTIC,LOWER NORTH,10,2025-10-23T08:05:13+00:00
DOMESTIC,SOUTH,4,2025-10-23T08:05:13+00:00
INTL,MAIN,0,2025-10-23T08:05:13+00:00
DOMESTIC,MAIN,4,2025-10-23T08:16:10+00:00
DOMESTIC,NORTH,4,2025-10-23T08:16:10+00:00
DOMESTIC,LOWER NORTH,8,2025-10-23T08:16:10+00:00
DOMESTIC,SOUTH,8,2025-10-23T08:16:10+00:00
INTL,MAIN,0,2025-10-23T08:16:10+00:00
DOMESTIC,MAIN,2,2025-10-23T08:30:27+00:00
DOMESTIC,NORTH,13,2025-10-23T08:30:27+00:00
DOMESTIC,LOWER NORTH,11,2025-10-23T08:30:27+00:00
DOMESTIC,SOUTH,10,2025-10-23T08:30:27+00:00
INTL,MAIN,4,2025-10-23T08:30:27+00:00
DOMESTIC,MAIN,3,2025-10-23T08:43:08+00:00
DOMESTIC,NORTH,9,2025-10-23T08:43:08+00:00
DOMESTIC,LOWER NORTH,13,2025-10-23T08:43:08+00:00
DOMESTIC,SOUTH,0,2025-10-23T08:43:08+00:00
INTL,MAIN,1,2025-10-23T08:43:08+00:00
DOMESTIC,MAIN,9,2025-10-23T08:52:39+00:00
DOMESTIC,NORTH,11,2025-10-23T08:52:39+00:00
DOMESTIC,LOWER NORTH,3,2025-10-23T08:52:39+00:00
DOMESTIC,SOUTH,1,2025-10-23T08:52:39+00:00
INTL,MAIN,3,2025-10-23T08:52:39+00:00
DOMESTIC,MAIN,5,2025-10-23T08:59:38+00:00
DOMESTIC,NORTH,3,2025-10-23T08:59:38+00:00
DOMESTIC,LOWER NORTH,8,2025-10-23T08:59:38+00:00
DOMESTIC,SOUTH,0,2025-10-23T08:59:38+00:00
INTL,MAIN,2,2025-10-23T08:59:38+00:00
DOMESTIC,MAIN,7,2025-10-23T09:10:04+00:00
DOMESTIC,NORTH,13,2025-10-23T09:10:04+00:00
DOMESTIC,LOWER NORTH,10,2025-10-23T09:10:04+00:00
DOMESTIC,SOUTH,0,2025-10-23T09:10:04+00:00
INTL,MAIN,3,2025-10-23T09:10:04+00:00
DOMESTIC,MAIN,24,2025-10-23T09:21:40+00:00
DOMESTIC,NORTH,15,2025-10-23T09:21:40+00:00
DOMESTIC,LOWER NORTH,12,2025-10-23T09:21:40+00:00
DOMESTIC,SOUTH,0,2025-10-23T09:21:40+00:00
INTL,MAIN,3,2025-10-23T09:21:40+00:00
DOMESTIC,MAIN,8,2025-10-23T09:32:38+00:00
DOMESTIC,NORTH,11,2025-10-23T09:32:38+00:00
DOMESTIC,LOWER NORTH,6,2025-10-23T09:32:38+00:00
DOMESTIC,SOUTH,8,2025-10-23T09:32:38+00:00
INTL,MAIN,2,2025-10-23T09:32:38+00:00
DOMESTIC,MAIN,17,2025-10-23T09:41:11+00:00
DOMESTIC,NORTH,16,2025-10-23T09:41:11+00:00
DOMESTIC,LOWER NORTH,11,2025-10-23T09:41:11+00:00
DOMESTIC,SOUTH,16,2025-10-23T09:41:11+00:00
INTL,MAIN,2,2025-10-23T09:41:11+00:00
DOMESTIC,MAIN,17,2025-10-23T09:48:07+00:00
DOMESTIC,NORTH,16,2025-10-23T09:48:07+00:00
DOMESTIC,LOWER NORTH,13,2025-10-23T09:48:07+00:00
DOMESTIC,SOUTH,9,2025-10-23T09:48:07+00:00
INTL,MAIN,3,2025-10-23T09:48:07+00:00
DOMESTIC,MAIN,17,2025-10-23T09:54:28+00:00
DOMESTIC,NORTH,23,2025-10-23T09:54:28+00:00
DOMESTIC,LOWER NORTH,18,2025-10-23T09:54:28+00:00
DOMESTIC,SOUTH,11,2025-10-23T09:54:28+00:00
INTL,MAIN,6,2025-10-23T09:54:28+00:00
DOMESTIC,MAIN,20,2025-10-23T10:00:17+00:00
DOMESTIC,NORTH,16,2025-10-23T10:00:17+00:00
DOMESTIC,LOWER NORTH,25,2025-10-23T10:00:17+00:00
DOMESTIC,SOUTH,4,2025-10-23T10:00:17+00:00
INTL,MAIN,6,2025-10-23T10:00:17+00:00
DOMESTIC,MAIN,16,2025-10-23T10:10:28+00:00
DOMESTIC,NORTH,18,2025-10-23T10:10:28+00:00
DOMESTIC,LOWER NORTH,35,2025-10-23T10:10:28+00:00
DOMESTIC,SOUTH,18,2025-10-23T10:10:28+00:00
INTL,MAIN,12,2025-10-23T10:10:28+00:00
DOMESTIC,MAIN,20,2025-10-23T10:21:58+00:00
DOMESTIC,NORTH,16,2025-10-23T10:21:58+00:00
DOMESTIC,LOWER NORTH,38,2025-10-23T10:21:58+00:00
DOMESTIC,SOUTH,13,2025-10-23T10:21:58+00:00
INTL,MAIN,8,2025-10-23T10:21:58+00:00
DOMESTIC,MAIN,18,2025-10-23T10:34:40+00:00
DOMESTIC,NORTH,21,2025-10-23T10:34:40+00:00
DOMESTIC,LOWER NORTH,42,2025-10-23T10:34:40+00:00
DOMESTIC,SOUTH,6,2025-10-23T10:34:40+00:00
INTL,MAIN,2,2025-10-23T10:34:40+00:00
DOMESTIC,MAIN,22,2025-10-23T10:43:46+00:00
DOMESTIC,NORTH,25,2025-10-23T10:43:46+00:00
DOMESTIC,LOWER NORTH,38,2025-10-23T10:43:46+00:00
DOMESTIC,SOUTH,9,2025-10-23T10:43:46+00:00
INTL,MAIN,2,2025-10-23T10:43:46+00:00
DOMESTIC,MAIN,25,2025-10-23T10:49:24+00:00
DOMESTIC,NORTH,26,2025-10-23T10:49:24+00:00
DOMESTIC,LOWER NORTH,26,2025-10-23T10:49:24+00:00
DOMESTIC,SOUTH,5,2025-10-23T10:49:24+00:00
INTL,MAIN,4,2025-10-23T10:49:24+00:00
DOMESTIC,MAIN,18,2025-10-23T10:55:57+00:00
DOMESTIC,NORTH,26,2025-10-23T10:55:57+00:00
DOMESTIC,LOWER NORTH,22,2025-10-23T10:55:57+00:00
DOMESTIC,SOUTH,1,2025-10-23T10:55:57+00:00
INTL,MAIN,2,2025-10-23T10:55:57+00:00
DOMESTIC,MAIN,17,2025-10-23T11:03:03+00:00
DOMESTIC,NORTH,27,2025-10-23T11:03:03+00:00
DOMESTIC,LOWER NORTH,27,2025-10-23T11:03:03+00:00
DOMESTIC,SOUTH,1,2025-10-23T11:03:03+00:00
INTL,MAIN,8,2025-10-23T11:03:03+00:00
DOMESTIC,MAIN,16,2025-10-23T11:12:24+00:00
DOMESTIC,NORTH,27,2025-10-23T11:12:24+00:00
DOMESTIC,LOWER NORTH,23,2025-10-23T11:12:24+00:00
DOMESTIC,SOUTH,3,2025-10-23T11:12:24+00:00
INTL,MAIN,7,2025-10-23T11:12:24+00:00
DOMESTIC,MAIN,15,2025-10-23T11:23:22+00:00
DOMESTIC,NORTH,24,2025-10-23T11:23:22+00:00
DOMESTIC,LOWER NORTH,9,2025-10-23T11:23:22+00:00
DOMESTIC,SOUTH,2,2025-10-23T11:23:22+00:00
INTL,MAIN,7,2025-10-23T11:23:22+00:00
DOMESTIC,MAIN,15,2025-10-23T11:30:52+00:00
DOMESTIC,NORTH,27,2025-10-23T11:30:52+00:00
DOMESTIC,LOWER NORTH,6,2025-10-23T11:30:52+00:00
DOMESTIC,SOUTH,1,2025-10-23T11:30:52+00:00
INTL,MAIN,6,2025-10-23T11:30:52+00:00
DOMESTIC,MAIN,15,2025-10-23T11:38:06+00:00
DOMESTIC,NORTH,18,2025-10-23T11:38:06+00:00
DOMESTIC,LOWER NORTH,5,2025-10-23T11:38:06+00:00
DOMESTIC,SOUTH,2,2025-10-23T11:38:06+00:00
INTL,MAIN,5,2025-10-23T11:38:06+00:00
DOMESTIC,MAIN,15,2025-10-23T11:44:27+00:00
DOMESTIC,NORTH,20,2025-10-23T11:44:27+00:00
DOMESTIC,LOWER NORTH,2,2025-10-23T11:44:27+00:00
DOMESTIC,SOUTH,2,2025-10-23T11:44:27+00:00
INTL,MAIN,4,2025-10-23T11:44:27+00:00
DOMESTIC,MAIN,12,2025-10-23T11:50:38+00:00
DOMESTIC,NORTH,22,2025-10-23T11:50:38+00:00
DOMESTIC,LOWER NORTH,1,2025-10-23T11:50:38+00:00
DOMESTIC,SOUTH,1,2025-10-23T11:50:38+00:00
INTL,MAIN,5,2025-10-23T11:50:38+00:00
DOMESTIC,MAIN,10,2025-10-23T11:56:31+00:00
DOMESTIC,NORTH,20,2025-10-23T11:56:31+00:00
DOMESTIC,LOWER NORTH,1,2025-10-23T11:56:31+00:00
DOMESTIC,SOUTH,4,2025-10-23T11:56:31+00:00
INTL,MAIN,5,2025-10-23T11:56:31+00:00
DOMESTIC,MAIN,7,2025-10-23T12:06:35+00:00
DOMESTIC,NORTH,19,2025-10-23T12:06:35+00:00
DOMESTIC,LOWER NORTH,1,2025-10-23T12:06:35+00:00
DOMESTIC,SOUTH,2,2025-10-23T12:06:35+00:00
INTL,MAIN,4,2025-10-23T12:06:35+00:00
DOMESTIC,MAIN,3,2025-10-23T12:18:55+00:00
DOMESTIC,NORTH,16,2025-10-23T12:18:55+00:00
DOMESTIC,LOWER NORTH,6,2025-10-23T12:18:55+00:00
DOMESTIC,SOUTH,2,2025-10-23T12:18:55+00:00
INTL,MAIN,4,2025-10-23T12:18:55+00:00
DOMESTIC,MAIN,3,2025-10-23T12:35:40+00:00
DOMESTIC,NORTH,9,2025-10-23T12:35:40+00:00
DOMESTIC,LOWER NORTH,2,2025-10-23T12:35:40+00:00
DOMESTIC,SOUTH,3,2025-10-23T12:35:40+00:00
INTL,MAIN,5,2025-10-23T12:35:40+00:00
DOMESTIC,MAIN,3,2025-10-23T12:57:51+00:00
DOMESTIC,NORTH,6,2025-10-23T12:57:51+00:00
DOMESTIC,LOWER NORTH,2,2025-10-23T12:57:51+00:00
DOMESTIC,SOUTH,4,2025-10-23T12:57:51+00:00
INTL,MAIN,2,2025-10-23T12:57:51+00:00
DOMESTIC,MAIN,4,2025-10-23T13:15:56+00:00
DOMESTIC,NORTH,4,2025-10-23T13:15:56+00:00
DOMESTIC,LOWER NORTH,0,2025-10-23T13:15:56+00:00
DOMESTIC,SOUTH,0,2025-10-23T13:15:56+00:00
INTL,MAIN,5,2025-10-23T13:15:56+00:00
DOMESTIC,MAIN,6,2025-10-23T13:30:49+00:00
DOMESTIC,NORTH,3,2025-10-23T13:30:49+00:00
DOMESTIC,LOWER NORTH,0,2025-10-23T13:30:49+00:00
DOMESTIC,SOUTH,1,2025-10-23T13:30:49+00:00
INTL,MAIN,7,2025-10-23T13:30:49+00:00
DOMESTIC,MAIN,4,2025-10-23T13:44:25+00:00
DOMESTIC,NORTH,1,2025-10-23T13:44:25+00:00
DOMESTIC,LOWER NORTH,0,2025-10-23T13:44:25+00:00
DOMESTIC,SOUTH,4,2025-10-23T13:44:25+00:00
INTL,MAIN,10,2025-10-23T13:44:25+00:00
DOMESTIC,MAIN,1,2025-10-23T13:52:27+00:00
DOMESTIC,NORTH,8,2025-10-23T13:52:27+00:00
DOMESTIC,LOWER NORTH,0,2025-10-23T13:52:27+00:00
DOMESTIC,SOUTH,9,2025-10-23T13:52:27+00:00
INTL,MAIN,10,2025-10-23T13:52:27+00:00
DOMESTIC,MAIN,2,2025-10-23T13:59:07+00:00
DOMESTIC,NORTH,7,2025-10-23T13:59:07+00:00
DOMESTIC,LOWER NORTH,0,2025-10-23T13:59:07+00:00
DOMESTIC,SOUTH,3,2025-10-23T13:59:07+00:00
INTL,MAIN,9,2025-10-23T13:59:07+00:00
DOMESTIC,MAIN,3,2025-10-23T14:09:31+00:00
DOMESTIC,NORTH,2,2025-10-23T14:09:31+00:00
DOMESTIC,LOWER NORTH,0,2025-10-23T14:09:31+00:00
DOMESTIC,SOUTH,4,2025-10-23T14:09:31+00:00
INTL,MAIN,10,2025-10-23T14:09:31+00:00
DOMESTIC,MAIN,4,2025-10-23T14:20:35+00:00
DOMESTIC,NORTH,1,2025-10-23T14:20:35+00:00
DOMESTIC,LOWER NORTH,0,2025-10-23T14:20:35+00:00
DOMESTIC,SOUTH,3,2025-10-23T14:20:35+00:00
INTL,MAIN,5,2025-10-23T14:20:35+00:00
DOMESTIC,MAIN,4,2025-10-23T14:33:17+00:00
DOMESTIC,NORTH,3,2025-10-23T14:33:17+00:00
DOMESTIC,LOWER NORTH,0,2025-10-23T14:33:17+00:00
DOMESTIC,SOUTH,2,2025-10-23T14:33:17+00:00
INTL,MAIN,2,2025-10-23T14:33:17+00:00
DOMESTIC,MAIN,5,2025-10-23T14:43:10+00:00
DOMESTIC,NORTH,1,2025-10-23T14:43:10+00:00
DOMESTIC,LOWER NORTH,1,2025-10-23T14:43:10+00:00
DOMESTIC,SOUTH,0,2025-10-23T14:43:10+00:00
INTL,MAIN,1,2025-10-23T14:43:10+00:00
DOMESTIC,MAIN,6,2025-10-23T14:51:17+00:00
DOMESTIC,NORTH,1,2025-10-23T14:51:17+00:00
DOMESTIC,LOWER NORTH,0,2025-10-23T14:51:17+00:00
DOMESTIC,SOUTH,0,2025-10-23T14:51:17+00:00
INTL,MAIN,3,2025-10-23T14:51:17+00:00
DOMESTIC,MAIN,5,2025-10-23T14:57:04+00:00
DOMESTIC,NORTH,1,2025-10-23T14:57:04+00:00
DOMESTIC,LOWER NORTH,0,2025-10-23T14:57:04+00:00
DOMESTIC,SOUTH,0,2025-10-23T14:57:04+00:00
INTL,MAIN,4,2025-10-23T14:57:04+00:00
DOMESTIC,MAIN,5,2025-10-23T15:05:59+00:00
DOMESTIC,NORTH,2,2025-10-23T15:05:59+00:00
DOMESTIC,LOWER NORTH,1,2025-10-23T15:05:59+00:00
DOMESTIC,SOUTH,0,2025-10-23T15:05:59+00:00
INTL,MAIN,3,2025-10-23T15:05:59+00:00
DOMESTIC,MAIN,2,2025-10-23T15:16:27+00:00
DOMESTIC,NORTH,1,2025-10-23T15:16:27+00:00
DOMESTIC,LOWER NORTH,0,2025-10-23T15:16:27+00:00
DOMESTIC,SOUTH,0,2025-10-23T15:16:27+00:00
INTL,MAIN,1,2025-10-23T15:16:27+00:00
DOMESTIC,MAIN,2,2025-10-23T15:29:12+00:00
DOMESTIC,NORTH,2,2025-10-23T15:29:12+00:00
DOMESTIC,LOWER NORTH,0,2025-10-23T15:29:12+00:00
DOMESTIC,SOUTH,5,2025-10-23T15:29:12+00:00
INTL,MAIN,3,2025-10-23T15:29:12+00:00
DOMESTIC,MAIN,7,2025-10-23T15:37:56+00:00
DOMESTIC,NORTH,1,2025-10-23T15:37:56+00:00
DOMESTIC,LOWER NORTH,0,2025-10-23T15:37:56+00:00
DOMESTIC,SOUTH,5,2025-10-23T15:37:56+00:00
INTL,MAIN,2,2025-10-23T15:37:56+00:00
DOMESTIC,MAIN,17,2025-10-23T15:44:21+00:00
DOMESTIC,NORTH,1,2025-10-23T15:44:21+00:00
DOMESTIC,LOWER NORTH,1,2025-10-23T15:44:21+00:00
DOMESTIC,SOUTH,6,2025-10-23T15:44:21+00:00
INTL,MAIN,3,2025-10-23T15:44:21+00:00
DOMESTIC,MAIN,8,2025-10-23T15:54:02+00:00
DOMESTIC,NORTH,5,2025-10-23T15:54:02+00:00
DOMESTIC,LOWER NORTH,1,2025-10-23T15:54:02+00:00
DOMESTIC,SOUTH,6,2025-10-23T15:54:02+00:00
INTL,MAIN,2,2025-10-23T15:54:02+00:00
DOMESTIC,MAIN,1,2025-10-23T16:00:25+00:00
DOMESTIC,NORTH,4,2025-10-23T16:00:25+00:00
DOMESTIC,LOWER NORTH,1,2025-10-23T16:00:25+00:00
DOMESTIC,SOUTH,5,2025-10-23T16:00:25+00:00
INTL,MAIN,2,2025-10-23T16:00:25+00:00
DOMESTIC,MAIN,6,2025-10-23T16:10:23+00:00
DOMESTIC,NORTH,3,2025-10-23T16:10:23+00:00
DOMESTIC,LOWER NORTH,1,2025-10-23T16:10:23+00:00
DOMESTIC,SOUTH,4,2025-10-23T16:10:23+00:00
INTL,MAIN,3,2025-10-23T16:10:23+00:00
DOMESTIC,MAIN,5,2025-10-23T16:22:32+00:00
DOMESTIC,NORTH,7,2025-10-23T16:22:32+00:00
DOMESTIC,LOWER NORTH,1,2025-10-23T16:22:32+00:00
DOMESTIC,SOUTH,14,2025-10-23T16:22:32+00:00
INTL,MAIN,7,2025-10-23T16:22:32+00:00
DOMESTIC,MAIN,4,2025-10-23T16:36:15+00:00
DOMESTIC,NORTH,12,2025-10-23T16:36:15+00:00
DOMESTIC,LOWER NORTH,11,2025-10-23T16:36:15+00:00
DOMESTIC,SOUTH,8,2025-10-23T16:36:15+00:00
INTL,MAIN,8,2025-10-23T16:36:15+00:00
DOMESTIC,MAIN,12,2025-10-23T16:46:27+00:00
DOMESTIC,NORTH,7,2025-10-23T16:46:27+00:00
DOMESTIC,LOWER NORTH,5,2025-10-23T16:46:27+00:00
DOMESTIC,SOUTH,9,2025-10-23T16:46:27+00:00
INTL,MAIN,5,2025-10-23T16:46:27+00:00
DOMESTIC,MAIN,12,2025-10-23T16:54:27+00:00
DOMESTIC,NORTH,10,2025-10-23T16:54:27+00:00
DOMESTIC,LOWER NORTH,10,2025-10-23T16:54:27+00:00
DOMESTIC,SOUTH,2,2025-10-23T16:54:27+00:00
INTL,MAIN,5,2025-10-23T16:54:27+00:00
DOMESTIC,MAIN,21,2025-10-23T17:00:42+00:00
DOMESTIC,NORTH,12,2025-10-23T17:00:42+00:00
DOMESTIC,LOWER NORTH,8,2025-10-23T17:00:42+00:00
DOMESTIC,SOUTH,4,2025-10-23T17:00:42+00:00
INTL,MAIN,6,2025-10-23T17:00:42+00:00
DOMESTIC,MAIN,13,2025-10-23T17:09:43+00:00
DOMESTIC,NORTH,11,2025-10-23T17:09:43+00:00
DOMESTIC,LOWER NORTH,12,2025-10-23T17:09:43+00:00
DOMESTIC,SOUTH,5,2025-10-23T17:09:43+00:00
INTL,MAIN,10,2025-10-23T17:09:43+00:00
DOMESTIC,MAIN,13,2025-10-23T17:20:23+00:00
DOMESTIC,NORTH,13,2025-10-23T17:20:23+00:00
DOMESTIC,LOWER NORTH,1,2025-10-23T17:20:23+00:00
DOMESTIC,SOUTH,1,2025-10-23T17:20:23+00:00
INTL,MAIN,12,2025-10-23T17:20:23+00:00
DOMESTIC,MAIN,14,2025-10-23T17:30:30+00:00
DOMESTIC,NORTH,9,2025-10-23T17:30:30+00:00
DOMESTIC,LOWER NORTH,1,2025-10-23T17:30:30+00:00
DOMESTIC,SOUTH,3,2025-10-23T17:30:30+00:00
INTL,MAIN,7,2025-10-23T17:30:30+00:00
DOMESTIC,MAIN,11,2025-10-23T17:38:29+00:00
DOMESTIC,NORTH,15,2025-10-23T17:38:29+00:00
DOMESTIC,LOWER NORTH,1,2025-10-23T17:38:29+00:00
DOMESTIC,SOUTH,3,2025-10-23T17:38:29+00:00
INTL,MAIN,9,2025-10-23T17:38:29+00:00
DOMESTIC,MAIN,11,2025-10-23T17:44:59+00:00
DOMESTIC,NORTH,9,2025-10-23T17:44:59+00:00
DOMESTIC,LOWER NORTH,1,2025-10-23T17:44:59+00:00
DOMESTIC,SOUTH,1,2025-10-23T17:44:59+00:00
INTL,MAIN,9,2025-10-23T17:44:59+00:00
DOMESTIC,MAIN,6,2025-10-23T17:51:03+00:00
DOMESTIC,NORTH,14,2025-10-23T17:51:03+00:00
DOMESTIC,LOWER NORTH,0,2025-10-23T17:51:03+00:00
DOMESTIC,SOUTH,0,2025-10-23T17:51:03+00:00
INTL,MAIN,10,2025-10-23T17:51:03+00:00
DOMESTIC,MAIN,6,2025-10-23T17:56:44+00:00
DOMESTIC,NORTH,13,2025-10-23T17:56:44+00:00
DOMESTIC,LOWER NORTH,1,2025-10-23T17:56:44+00:00
DOMESTIC,SOUTH,0,2025-10-23T17:56:44+00:00
INTL,MAIN,10,2025-10-23T17:56:44+00:00
DOMESTIC,MAIN,9,2025-10-23T18:06:22+00:00
DOMESTIC,NORTH,9,2025-10-23T18:06:22+00:00
DOMESTIC,LOWER NORTH,2,2025-10-23T18:06:22+00:00
DOMESTIC,SOUTH,0,2025-10-23T18:06:22+00:00
INTL,MAIN,11,2025-10-23T18:06:22+00:00
DOMESTIC,MAIN,11,2025-10-23T18:17:46+00:00
DOMESTIC,NORTH,7,2025-10-23T18:17:46+00:00
DOMESTIC,LOWER NORTH,4,2025-10-23T18:17:46+00:00
DOMESTIC,SOUTH,0,2025-10-23T18:17:46+00:00
INTL,MAIN,10,2025-10-23T18:17:46+00:00
DOMESTIC,MAIN,8,2025-10-23T18:32:39+00:00
DOMESTIC,NORTH,4,2025-10-23T18:32:39+00:00
DOMESTIC,LOWER NORTH,1,2025-10-23T18:32:39+00:00
DOMESTIC,SOUTH,0,2025-10-23T18:32:39+00:00
INTL,MAIN,9,2025-10-23T18:32:39+00:00
DOMESTIC,MAIN,8,2025-10-23T18:45:09+00:00
DOMESTIC,NORTH,20,2025-10-23T18:45:09+00:00
DOMESTIC,LOWER NORTH,1,2025-10-23T18:45:09+00:00
DOMESTIC,SOUTH,1,2025-10-23T18:45:09+00:00
INTL,MAIN,7,2025-10-23T18:45:09+00:00
DOMESTIC,MAIN,16,2025-10-23T18:53:37+00:00
DOMESTIC,NORTH,13,2025-10-23T18:53:37+00:00
DOMESTIC,LOWER NORTH,2,2025-10-23T18:53:37+00:00
DOMESTIC,SOUTH,5,2025-10-23T18:53:37+00:00
INTL,MAIN,9,2025-10-23T18:53:37+00:00
DOMESTIC,MAIN,20,2025-10-23T18:59:18+00:00
DOMESTIC,NORTH,10,2025-10-23T18:59:18+00:00
DOMESTIC,LOWER NORTH,3,2025-10-23T18:59:18+00:00
DOMESTIC,SOUTH,5,2025-10-23T18:59:18+00:00
INTL,MAIN,11,2025-10-23T18:59:18+00:00
DOMESTIC,MAIN,19,2025-10-23T19:07:56+00:00
DOMESTIC,NORTH,13,2025-10-23T19:07:56+00:00
DOMESTIC,LOWER NORTH,7,2025-10-23T19:07:56+00:00
DOMESTIC,SOUTH,9,2025-10-23T19:07:56+00:00
INTL,MAIN,9,2025-10-23T19:07:56+00:00
DOMESTIC,MAIN,6,2025-10-23T19:18:04+00:00
DOMESTIC,NORTH,22,2025-10-23T19:18:04+00:00
DOMESTIC,LOWER NORTH,10,2025-10-23T19:18:04+00:00
DOMESTIC,SOUTH,4,2025-10-23T19:18:04+00:00
INTL,MAIN,11,2025-10-23T19:18:04+00:00
DOMESTIC,MAIN,19,2025-10-23T19:26:28+00:00
DOMESTIC,NORTH,13,2025-10-23T19:26:28+00:00
DOMESTIC,LOWER NORTH,9,2025-10-23T19:26:28+00:00
DOMESTIC,SOUTH,12,2025-10-23T19:26:28+00:00
INTL,MAIN,7,2025-10-23T19:26:28+00:00
DOMESTIC,MAIN,24,2025-10-23T19:32:56+00:00
DOMESTIC,NORTH,14,2025-10-23T19:32:56+00:00
DOMESTIC,LOWER NORTH,13,2025-10-23T19:32:56+00:00
DOMESTIC,SOUTH,12,2025-10-23T19:32:56+00:00
INTL,MAIN,10,2025-10-23T19:32:56+00:00
DOMESTIC,MAIN,16,2025-10-23T19:40:09+00:00
DOMESTIC,NORTH,16,2025-10-23T19:40:09+00:00
DOMESTIC,LOWER NORTH,18,2025-10-23T19:40:09+00:00
DOMESTIC,SOUTH,7,2025-10-23T19:40:09+00:00
INTL,MAIN,12,2025-10-23T19:40:09+00:00
DOMESTIC,MAIN,8,2025-10-23T19:46:07+00:00
DOMESTIC,NORTH,16,2025-10-23T19:46:07+00:00
DOMESTIC,LOWER NORTH,18,2025-10-23T19:46:07+00:00
DOMESTIC,SOUTH,1,2025-10-23T19:46:07+00:00
INTL,MAIN,12,2025-10-23T19:46:07+00:00
DOMESTIC,MAIN,16,2025-10-23T19:52:16+00:00
DOMESTIC,NORTH,14,2025-10-23T19:52:16+00:00
DOMESTIC,LOWER NORTH,15,2025-10-23T19:52:16+00:00
DOMESTIC,SOUTH,6,2025-10-23T19:52:16+00:00
INTL,MAIN,15,2025-10-23T19:52:16+00:00
DOMESTIC,MAIN,21,2025-10-23T19:58:08+00:00
DOMESTIC,NORTH,11,2025-10-23T19:58:08+00:00
DOMESTIC,LOWER NORTH,16,2025-10-23T19:58:08+00:00
DOMESTIC,SOUTH,3,2025-10-23T19:58:08+00:00
INTL,MAIN,12,2025-10-23T19:58:08+00:00
DOMESTIC,MAIN,11,2025-10-23T20:07:55+00:00
DOMESTIC,NORTH,12,2025-10-23T20:07:55+00:00
DOMESTIC,LOWER NORTH,9,2025-10-23T20:07:55+00:00
DOMESTIC,SOUTH,1,2025-10-23T20:07:55+00:00
INTL,MAIN,13,2025-10-23T20:07:55+00:00
DOMESTIC,MAIN,15,2025-10-23T20:18:50+00:00
DOMESTIC,NORTH,14,2025-10-23T20:18:50+00:00
DOMESTIC,LOWER NORTH,7,2025-10-23T20:18:50+00:00
DOMESTIC,SOUTH,16,2025-10-23T20:18:50+00:00
INTL,MAIN,15,2025-10-23T20:18:50+00:00
DOMESTIC,MAIN,8,2025-10-23T20:30:15+00:00
DOMESTIC,NORTH,11,2025-10-23T20:30:15+00:00
DOMESTIC,LOWER NORTH,5,2025-10-23T20:30:15+00:00
DOMESTIC,SOUTH,3,2025-10-23T20:30:15+00:00
INTL,MAIN,14,2025-10-23T20:30:15+00:00
DOMESTIC,MAIN,8,2025-10-23T20:38:24+00:00
DOMESTIC,NORTH,14,2025-10-23T20:38:24+00:00
DOMESTIC,LOWER NORTH,5,2025-10-23T20:38:24+00:00
DOMESTIC,SOUTH,13,2025-10-23T20:38:24+00:00
INTL,MAIN,16,2025-10-23T20:38:24+00:00
DOMESTIC,MAIN,12,2025-10-23T20:45:21+00:00
DOMESTIC,NORTH,8,2025-10-23T20:45:21+00:00
DOMESTIC,LOWER NORTH,7,2025-10-23T20:45:21+00:00
DOMESTIC,SOUTH,9,2025-10-23T20:45:21+00:00
INTL,MAIN,11,2025-10-23T20:45:21+00:00
DOMESTIC,MAIN,16,2025-10-23T20:51:44+00:00
DOMESTIC,NORTH,9,2025-10-23T20:51:44+00:00
DOMESTIC,LOWER NORTH,8,2025-10-23T20:51:44+00:00
DOMESTIC,SOUTH,2,2025-10-23T20:51:44+00:00
INTL,MAIN,11,2025-10-23T20:51:44+00:00
DOMESTIC,MAIN,12,2025-10-23T20:58:13+00:00
DOMESTIC,NORTH,11,2025-10-23T20:58:13+00:00
DOMESTIC,LOWER NORTH,2,2025-10-23T20:58:13+00:00
DOMESTIC,SOUTH,2,2025-10-23T20:58:13+00:00
INTL,MAIN,9,2025-10-23T20:58:13+00:00
DOMESTIC,MAIN,19,2025-10-23T21:06:54+00:00
DOMESTIC,NORTH,16,2025-10-23T21:06:54+00:00
DOMESTIC,LOWER NORTH,22,2025-10-23T21:06:54+00:00
DOMESTIC,SOUTH,2,2025-10-23T21:06:54+00:00
INTL,MAIN,9,2025-10-23T21:06:54+00:00
DOMESTIC,MAIN,26,2025-10-23T21:17:00+00:00
DOMESTIC,NORTH,15,2025-10-23T21:17:00+00:00
DOMESTIC,LOWER NORTH,12,2025-10-23T21:17:00+00:00
DOMESTIC,SOUTH,2,2025-10-23T21:17:00+00:00
INTL,MAIN,8,2025-10-23T21:17:00+00:00
DOMESTIC,MAIN,16,2025-10-23T21:25:07+00:00
DOMESTIC,NORTH,16,2025-10-23T21:25:07+00:00
DOMESTIC,LOWER NORTH,15,2025-10-23T21:25:07+00:00
DOMESTIC,SOUTH,3,2025-10-23T21:25:07+00:00
INTL,MAIN,5,2025-10-23T21:25:07+00:00
DOMESTIC,MAIN,19,2025-10-23T21:31:29+00:00
DOMESTIC,NORTH,15,2025-10-23T21:31:29+00:00
DOMESTIC,LOWER NORTH,12,2025-10-23T21:31:29+00:00
DOMESTIC,SOUTH,2,2025-10-23T21:31:29+00:00
INTL,MAIN,6,2025-10-23T21:31:29+00:00
DOMESTIC,MAIN,29,2025-10-23T21:38:16+00:00
DOMESTIC,NORTH,12,2025-10-23T21:38:16+00:00
DOMESTIC,LOWER NORTH,11,2025-10-23T21:38:16+00:00
DOMESTIC,SOUTH,1,2025-10-23T21:38:16+00:00
INTL,MAIN,6,2025-10-23T21:38:16+00:00
DOMESTIC,MAIN,10,2025-10-23T21:44:11+00:00
DOMESTIC,NORTH,14,2025-10-23T21:44:11+00:00
DOMESTIC,LOWER NORTH,23,2025-10-23T21:44:11+00:00
DOMESTIC,SOUTH,6,2025-10-23T21:44:11+00:00
INTL,MAIN,6,2025-10-23T21:44:11+00:00
DOMESTIC,MAIN,10,2025-10-23T21:49:59+00:00
DOMESTIC,NORTH,11,2025-10-23T21:49:59+00:00
DOMESTIC,LOWER NORTH,23,2025-10-23T21:49:59+00:00
DOMESTIC,SOUTH,9,2025-10-23T21:49:59+00:00
INTL,MAIN,4,2025-10-23T21:49:59+00:00
DOMESTIC,MAIN,16,2025-10-23T21:55:41+00:00
DOMESTIC,NORTH,10,2025-10-23T21:55:41+00:00
DOMESTIC,LOWER NORTH,19,2025-10-23T21:55:41+00:00
DOMESTIC,SOUTH,27,2025-10-23T21:55:41+00:00
INTL,MAIN,7,2025-10-23T21:55:41+00:00
DOMESTIC,MAIN,24,2025-10-23T22:02:40+00:00
DOMESTIC,NORTH,12,2025-10-23T22:02:40+00:00
DOMESTIC,LOWER NORTH,18,2025-10-23T22:02:40+00:00
DOMESTIC,SOUTH,21,2025-10-23T22:02:40+00:00
INTL,MAIN,10,2025-10-23T22:02:40+00:00
DOMESTIC,MAIN,22,2025-10-23T22:12:01+00:00
DOMESTIC,NORTH,21,2025-10-23T22:12:01+00:00
DOMESTIC,LOWER NORTH,21,2025-10-23T22:12:01+00:00
DOMESTIC,SOUTH,7,2025-10-23T22:12:01+00:00
INTL,MAIN,9,2025-10-23T22:12:01+00:00
DOMESTIC,MAIN,18,2025-10-23T22:23:23+00:00
DOMESTIC,NORTH,28,2025-10-23T22:23:23+00:00
DOMESTIC,LOWER NORTH,17,2025-10-23T22:23:23+00:00
DOMESTIC,SOUTH,9,2025-10-23T22:23:23+00:00
INTL,MAIN,14,2025-10-23T22:23:23+00:00
DOMESTIC,MAIN,28,2025-10-23T22:32:43+00:00
DOMESTIC,NORTH,27,2025-10-23T22:32:43+00:00
DOMESTIC,LOWER NORTH,11,2025-10-23T22:32:43+00:00
DOMESTIC,SOUTH,6,2025-10-23T22:32:43+00:00
INTL,MAIN,12,2025-10-23T22:32:43+00:00
DOMESTIC,MAIN,37,2025-10-23T22:40:29+00:00
DOMESTIC,NORTH,26,2025-10-23T22:40:29+00:00
DOMESTIC,LOWER NORTH,14,2025-10-23T22:40:29+00:00
DOMESTIC,SOUTH,12,2025-10-23T22:40:29+00:00
INTL,MAIN,12,2025-10-23T22:40:29+00:00
DOMESTIC,MAIN,35,2025-10-23T22:46:39+00:00
DOMESTIC,NORTH,26,2025-10-23T22:46:39+00:00
DOMESTIC,LOWER NORTH,14,2025-10-23T22:46:39+00:00
DOMESTIC,SOUTH,9,2025-10-23T22:46:39+00:00
INTL,MAIN,12,2025-10-23T22:46:39+00:00
DOMESTIC,MAIN,34,2025-10-23T22:52:19+00:00
DOMESTIC,NORTH,23,2025-10-23T22:52:19+00:00
DOMESTIC,LOWER NORTH,11,2025-10-23T22:52:19+00:00
DOMESTIC,SOUTH,7,2025-10-23T22:52:19+00:00
INTL,MAIN,11,2025-10-23T22:52:19+00:00
DOMESTIC,MAIN,32,2025-10-23T22:58:39+00:00
DOMESTIC,NORTH,25,2025-10-23T22:58:39+00:00
DOMESTIC,LOWER NORTH,8,2025-10-23T22:58:39+00:00
DOMESTIC,SOUTH,6,2025-10-23T22:58:39+00:00
INTL,MAIN,14,2025-10-23T22:58:39+00:00
DOMESTIC,MAIN,14,2025-10-23T23:07:48+00:00
DOMESTIC,NORTH,27,2025-10-23T23:07:48+00:00
DOMESTIC,LOWER NORTH,26,2025-10-23T23:07:48+00:00
DOMESTIC,SOUTH,23,2025-10-23T23:07:48+00:00
INTL,MAIN,10,2025-10-23T23:07:48+00:00
DOMESTIC,MAIN,10,2025-10-23T23:18:04+00:00
DOMESTIC,NORTH,16,2025-10-23T23:18:04+00:00
DOMESTIC,LOWER NORTH,13,2025-10-23T23:18:04+00:00
DOMESTIC,SOUTH,19,2025-10-23T23:18:04+00:00
INTL,MAIN,9,2025-10-23T23:18:04+00:00
DOMESTIC,MAIN,8,2025-10-23T23:26:42+00:00
DOMESTIC,NORTH,14,2025-10-23T23:26:42+00:00
DOMESTIC,LOWER NORTH,15,2025-10-23T23:26:42+00:00
DOMESTIC,SOUTH,8,2025-10-23T23:26:42+00:00
INTL,MAIN,7,2025-10-23T23:26:42+00:00
DOMESTIC,MAIN,7,2025-10-23T23:33:12+00:00
DOMESTIC,NORTH,7,2025-10-23T23:33:12+00:00
DOMESTIC,LOWER NORTH,8,2025-10-23T23:33:12+00:00
DOMESTIC,SOUTH,2,2025-10-23T23:33:12+00:00
INTL,MAIN,7,2025-10-23T23:33:12+00:00
DOMESTIC,MAIN,7,2025-10-23T23:39:52+00:00
DOMESTIC,NORTH,4,2025-10-23T23:39:52+00:00
DOMESTIC,LOWER NORTH,1,2025-10-23T23:39:52+00:00
DOMESTIC,SOUTH,0,2025-10-23T23:39:52+00:00
INTL,MAIN,9,2025-10-23T23:39:52+00:00
DOMESTIC,MAIN,10,2025-10-23T23:46:00+00:00
DOMESTIC,NORTH,2,2025-10-23T23:46:00+00:00
DOMESTIC,LOWER NORTH,1,2025-10-23T23:46:00+00:00
DOMESTIC,SOUTH,1,2025-10-23T23:46:00+00:00
INTL,MAIN,9,2025-10-23T23:46:00+00:00
DOMESTIC,MAIN,5,2025-10-23T23:52:01+00:00
DOMESTIC,NORTH,4,2025-10-23T23:52:01+00:00
DOMESTIC,LOWER NORTH,1,2025-10-23T23:52:01+00:00
DOMESTIC,SOUTH,7,2025-10-23T23:52:01+00:00
INTL,MAIN,9,2025-10-23T23:52:01+00:00
DOMESTIC,MAIN,8,2025-10-23T23:57:59+00:00
DOMESTIC,NORTH,3,2025-10-23T23:57:59+00:00
DOMESTIC,LOWER NORTH,1,2025-10-23T23:57:59+00:00
DOMESTIC,SOUTH,11,2025-10-23T23:57:59+00:00
INTL,MAIN,9,2025-10-23T23:57:59+00:00
DOMESTIC,MAIN,1,2025-10-24T00:25:28+00:00
DOMESTIC,NORTH,14,2025-10-24T00:25:28+00:00
DOMESTIC,LOWER NORTH,1,2025-10-24T00:25:28+00:00
DOMESTIC,SOUTH,0,2025-10-24T00:25:28+00:00
INTL,MAIN,5,2025-10-24T00:25:28+00:00
DOMESTIC,MAIN,7,2025-10-24T00:46:38+00:00
DOMESTIC,NORTH,10,2025-10-24T00:46:38+00:00
DOMESTIC,LOWER NORTH,1,2025-10-24T00:46:38+00:00
DOMESTIC,SOUTH,2,2025-10-24T00:46:38+00:00
INTL,MAIN,9,2025-10-24T00:46:38+00:00
DOMESTIC,MAIN,3,2025-10-24T01:16:49+00:00
DOMESTIC,NORTH,9,2025-10-24T01:16:49+00:00
DOMESTIC,LOWER NORTH,1,2025-10-24T01:16:49+00:00
DOMESTIC,SOUTH,0,2025-10-24T01:16:49+00:00
INTL,MAIN,8,2025-10-24T01:16:49+00:00
DOMESTIC,MAIN,0,2025-10-24T01:57:57+00:00
DOMESTIC,NORTH,1,2025-10-24T01:57:57+00:00
DOMESTIC,LOWER NORTH,1,2025-10-24T01:57:57+00:00
DOMESTIC,SOUTH,0,2025-10-24T01:57:57+00:00
INTL,MAIN,1,2025-10-24T01:57:57+00:00
DOMESTIC,MAIN,0,2025-10-24T02:33:28+00:00
DOMESTIC,NORTH,1,2025-10-24T02:33:28+00:00
DOMESTIC,LOWER NORTH,1,2025-10-24T02:33:28+00:00
DOMESTIC,SOUTH,0,2025-10-24T02:33:28+00:00
INTL,MAIN,2,2025-10-24T02:33:28+00:00
DOMESTIC,MAIN,0,2025-10-24T03:08:03+00:00
INTL,MAIN,3,2025-10-24T03:08:03+00:00
DOMESTIC,MAIN,3,2025-10-24T03:19:19+00:00
INTL,MAIN,4,2025-10-24T03:19:19+00:00
DOMESTIC,MAIN,0,2025-10-24T03:34:58+00:00
INTL,MAIN,4,2025-10-24T03:34:58+00:00
DOMESTIC,MAIN,0,2025-10-24T03:45:42+00:00
INTL,MAIN,3,2025-10-24T03:45:42+00:00
DOMESTIC,MAIN,0,2025-10-24T03:53:10+00:00
INTL,MAIN,0,2025-10-24T03:53:10+00:00
DOMESTIC,MAIN,0,2025-10-24T03:58:51+00:00
INTL,MAIN,0,2025-10-24T03:58:51+00:00
DOMESTIC,MAIN,0,2025-10-24T04:09:37+00:00
INTL,MAIN,0,2025-10-24T04:09:37+00:00
DOMESTIC,MAIN,0,2025-10-24T04:21:11+00:00
INTL,MAIN,0,2025-10-24T04:21:11+00:00
DOMESTIC,MAIN,1,2025-10-24T04:33:19+00:00
INTL,MAIN,0,2025-10-24T04:33:19+00:00
DOMESTIC,MAIN,0,2025-10-24T04:42:03+00:00
INTL,MAIN,0,2025-10-24T04:42:03+00:00
DOMESTIC,MAIN,0,2025-10-24T04:49:10+00:00
INTL,MAIN,0,2025-10-24T04:49:10+00:00
DOMESTIC,MAIN,0,2025-10-24T04:55:07+00:00
INTL,MAIN,2,2025-10-24T04:55:07+00:00
DOMESTIC,MAIN,0,2025-10-24T05:01:38+00:00
INTL,MAIN,0,2025-10-24T05:01:38+00:00
DOMESTIC,MAIN,0,2025-10-24T05:10:45+00:00
INTL,MAIN,2,2025-10-24T05:10:45+00:00
DOMESTIC,MAIN,0,2025-10-24T05:22:04+00:00
INTL,MAIN,0,2025-10-24T05:22:04+00:00
DOMESTIC,MAIN,0,2025-10-24T05:32:21+00:00
INTL,MAIN,0,2025-10-24T05:32:21+00:00
DOMESTIC,MAIN,0,2025-10-24T05:40:24+00:00
INTL,MAIN,0,2025-10-24T05:40:24+00:00
DOMESTIC,MAIN,0,2025-10-24T05:46:20+00:00
INTL,MAIN,0,2025-10-24T05:46:20+00:00
DOMESTIC,MAIN,0,2025-10-24T05:52:26+00:00
INTL,MAIN,0,2025-10-24T05:52:26+00:00
DOMESTIC,MAIN,0,2025-10-24T05:58:22+00:00
INTL,MAIN,0,2025-10-24T05:58:22+00:00
DOMESTIC,MAIN,0,2025-10-24T06:11:07+00:00
INTL,MAIN,0,2025-10-24T06:11:07+00:00
DOMESTIC,MAIN,0,2025-10-24T06:23:45+00:00
INTL,MAIN,0,2025-10-24T06:23:45+00:00
DOMESTIC,MAIN,0,2025-10-24T06:39:03+00:00
INTL,MAIN,1,2025-10-24T06:39:03+00:00
DOMESTIC,MAIN,0,2025-10-24T06:49:21+00:00
INTL,MAIN,0,2025-10-24T06:49:21+00:00
DOMESTIC,MAIN,0,2025-10-24T06:56:12+00:00
INTL,MAIN,0,2025-10-24T06:56:12+00:00
DOMESTIC,MAIN,0,2025-10-24T07:04:24+00:00
INTL,MAIN,0,2025-10-24T07:04:24+00:00
DOMESTIC,MAIN,0,2025-10-24T07:14:27+00:00
INTL,MAIN,0,2025-10-24T07:14:27+00:00
DOMESTIC,MAIN,4,2025-10-24T07:25:57+00:00
INTL,MAIN,0,2025-10-24T07:25:57+00:00
DOMESTIC,MAIN,5,2025-10-24T07:32:48+00:00
DOMESTIC,LOWER NORTH,1,2025-10-24T07:32:48+00:00
INTL,MAIN,0,2025-10-24T07:32:48+00:00
DOMESTIC,MAIN,5,2025-10-24T07:39:55+00:00
INTL,MAIN,0,2025-10-24T07:39:55+00:00
DOMESTIC,MAIN,6,2025-10-24T07:46:09+00:00
INTL,MAIN,0,2025-10-24T07:46:09+00:00
DOMESTIC,MAIN,6,2025-10-24T07:52:49+00:00
INTL,MAIN,0,2025-10-24T07:52:49+00:00
DOMESTIC,MAIN,7,2025-10-24T07:58:49+00:00
DOMESTIC,LOWER NORTH,1,2025-10-24T07:58:49+00:00
INTL,MAIN,0,2025-10-24T07:58:49+00:00
DOMESTIC,MAIN,4,2025-10-24T08:11:36+00:00
DOMESTIC,NORTH,13,2025-10-24T08:11:36+00:00
DOMESTIC,LOWER NORTH,4,2025-10-24T08:11:36+00:00
DOMESTIC,SOUTH,6,2025-10-24T08:11:36+00:00
INTL,MAIN,0,2025-10-24T08:11:36+00:00
DOMESTIC,MAIN,4,2025-10-24T08:24:15+00:00
DOMESTIC,NORTH,7,2025-10-24T08:24:15+00:00
DOMESTIC,LOWER NORTH,16,2025-10-24T08:24:15+00:00
DOMESTIC,SOUTH,9,2025-10-24T08:24:15+00:00
INTL,MAIN,1,2025-10-24T08:24:15+00:00
DOMESTIC,MAIN,4,2025-10-24T08:36:59+00:00
DOMESTIC,NORTH,14,2025-10-24T08:36:59+00:00
DOMESTIC,LOWER NORTH,16,2025-10-24T08:36:59+00:00
DOMESTIC,SOUTH,0,2025-10-24T08:36:59+00:00
INTL,MAIN,1,2025-10-24T08:36:59+00:00
DOMESTIC,MAIN,6,2025-10-24T08:47:12+00:00
DOMESTIC,NORTH,9,2025-10-24T08:47:12+00:00
DOMESTIC,LOWER NORTH,13,2025-10-24T08:47:12+00:00
DOMESTIC,SOUTH,1,2025-10-24T08:47:12+00:00
INTL,MAIN,0,2025-10-24T08:47:12+00:00
DOMESTIC,MAIN,3,2025-10-24T08:54:51+00:00
DOMESTIC,NORTH,6,2025-10-24T08:54:51+00:00
DOMESTIC,LOWER NORTH,7,2025-10-24T08:54:51+00:00
DOMESTIC,SOUTH,3,2025-10-24T08:54:51+00:00
INTL,MAIN,3,2025-10-24T08:54:51+00:00
DOMESTIC,MAIN,3,2025-10-24T09:01:15+00:00
DOMESTIC,NORTH,4,2025-10-24T09:01:15+00:00
DOMESTIC,LOWER NORTH,4,2025-10-24T09:01:15+00:00
DOMESTIC,SOUTH,3,2025-10-24T09:01:15+00:00
INTL,MAIN,2,2025-10-24T09:01:15+00:00
DOMESTIC,MAIN,2,2025-10-24T09:11:00+00:00
DOMESTIC,NORTH,4,2025-10-24T09:11:00+00:00
DOMESTIC,LOWER NORTH,2,2025-10-24T09:11:00+00:00
DOMESTIC,SOUTH,3,2025-10-24T09:11:00+00:00
INTL,MAIN,2,2025-10-24T09:11:00+00:00
DOMESTIC,MAIN,6,2025-10-24T09:22:40+00:00
DOMESTIC,NORTH,4,2025-10-24T09:22:40+00:00
DOMESTIC,LOWER NORTH,1,2025-10-24T09:22:40+00:00
DOMESTIC,SOUTH,8,2025-10-24T09:22:40+00:00
INTL,MAIN,1,2025-10-24T09:22:40+00:00
DOMESTIC,MAIN,3,2025-10-24T09:32:50+00:00
DOMESTIC,NORTH,14,2025-10-24T09:32:50+00:00
DOMESTIC,LOWER NORTH,10,2025-10-24T09:32:50+00:00
DOMESTIC,SOUTH,2,2025-10-24T09:32:50+00:00
INTL,MAIN,3,2025-10-24T09:32:50+00:00
DOMESTIC,MAIN,7,2025-10-24T09:40:45+00:00
DOMESTIC,NORTH,16,2025-10-24T09:40:45+00:00
DOMESTIC,LOWER NORTH,3,2025-10-24T09:40:45+00:00
DOMESTIC,SOUTH,7,2025-10-24T09:40:45+00:00
INTL,MAIN,2,2025-10-24T09:40:45+00:00
DOMESTIC,MAIN,8,2025-10-24T09:47:20+00:00
DOMESTIC,NORTH,15,2025-10-24T09:47:20+00:00
DOMESTIC,LOWER NORTH,11,2025-10-24T09:47:20+00:00
DOMESTIC,SOUTH,10,2025-10-24T09:47:20+00:00
INTL,MAIN,3,2025-10-24T09:47:20+00:00
DOMESTIC,MAIN,10,2025-10-24T09:53:41+00:00
DOMESTIC,NORTH,17,2025-10-24T09:53:41+00:00
DOMESTIC,LOWER NORTH,7,2025-10-24T09:53:41+00:00
DOMESTIC,SOUTH,3,2025-10-24T09:53:41+00:00
INTL,MAIN,2,2025-10-24T09:53:41+00:00
DOMESTIC,MAIN,10,2025-10-24T09:59:33+00:00
DOMESTIC,NORTH,25,2025-10-24T09:59:33+00:00
DOMESTIC,LOWER NORTH,8,2025-10-24T09:59:33+00:00
DOMESTIC,SOUTH,5,2025-10-24T09:59:33+00:00
INTL,MAIN,3,2025-10-24T09:59:33+00:00
DOMESTIC,MAIN,11,2025-10-24T10:10:15+00:00
DOMESTIC,NORTH,22,2025-10-24T10:10:15+00:00
DOMESTIC,LOWER NORTH,26,2025-10-24T10:10:15+00:00
DOMESTIC,SOUTH,8,2025-10-24T10:10:15+00:00
INTL,MAIN,3,2025-10-24T10:10:15+00:00
DOMESTIC,MAIN,13,2025-10-24T10:22:17+00:00
DOMESTIC,NORTH,17,2025-10-24T10:22:17+00:00
DOMESTIC,LOWER NORTH,11,2025-10-24T10:22:17+00:00
DOMESTIC,SOUTH,7,2025-10-24T10:22:17+00:00
INTL,MAIN,7,2025-10-24T10:22:17+00:00
DOMESTIC,MAIN,13,2025-10-24T10:34:55+00:00
DOMESTIC,NORTH,19,2025-10-24T10:34:55+00:00
DOMESTIC,LOWER NORTH,18,2025-10-24T10:34:55+00:00
DOMESTIC,SOUTH,2,2025-10-24T10:34:55+00:00
INTL,MAIN,7,2025-10-24T10:34:55+00:00
DOMESTIC,MAIN,12,2025-10-24T10:44:04+00:00
DOMESTIC,NORTH,24,2025-10-24T10:44:04+00:00
DOMESTIC,LOWER NORTH,21,2025-10-24T10:44:04+00:00
DOMESTIC,SOUTH,0,2025-10-24T10:44:04+00:00
INTL,MAIN,5,2025-10-24T10:44:04+00:00
DOMESTIC,MAIN,11,2025-10-24T10:51:18+00:00
DOMESTIC,NORTH,27,2025-10-24T10:51:18+00:00
DOMESTIC,LOWER NORTH,18,2025-10-24T10:51:18+00:00
DOMESTIC,SOUTH,0,2025-10-24T10:51:18+00:00
INTL,MAIN,4,2025-10-24T10:51:18+00:00
DOMESTIC,MAIN,13,2025-10-24T10:57:36+00:00
DOMESTIC,NORTH,21,2025-10-24T10:57:36+00:00
DOMESTIC,LOWER NORTH,23,2025-10-24T10:57:36+00:00
DOMESTIC,SOUTH,0,2025-10-24T10:57:36+00:00
INTL,MAIN,5,2025-10-24T10:57:36+00:00
DOMESTIC,MAIN,10,2025-10-24T11:05:51+00:00
DOMESTIC,NORTH,20,2025-10-24T11:05:51+00:00
DOMESTIC,LOWER NORTH,26,2025-10-24T11:05:51+00:00
DOMESTIC,SOUTH,2,2025-10-24T11:05:51+00:00
INTL,MAIN,6,2025-10-24T11:05:51+00:00
DOMESTIC,MAIN,8,2025-10-24T11:15:40+00:00
DOMESTIC,NORTH,19,2025-10-24T11:15:40+00:00
DOMESTIC,LOWER NORTH,19,2025-10-24T11:15:40+00:00
DOMESTIC,SOUTH,5,2025-10-24T11:15:40+00:00
INTL,MAIN,4,2025-10-24T11:15:40+00:00
DOMESTIC,MAIN,11,2025-10-24T11:25:42+00:00
DOMESTIC,NORTH,16,2025-10-24T11:25:42+00:00
DOMESTIC,LOWER NORTH,16,2025-10-24T11:25:42+00:00
DOMESTIC,SOUTH,2,2025-10-24T11:25:42+00:00
INTL,MAIN,3,2025-10-24T11:25:42+00:00
DOMESTIC,MAIN,9,2025-10-24T11:32:39+00:00
DOMESTIC,NORTH,28,2025-10-24T11:32:39+00:00
DOMESTIC,LOWER NORTH,22,2025-10-24T11:32:39+00:00
DOMESTIC,SOUTH,3,2025-10-24T11:32:39+00:00
INTL,MAIN,3,2025-10-24T11:32:39+00:00
DOMESTIC,MAIN,13,2025-10-24T11:39:42+00:00
DOMESTIC,NORTH,25,2025-10-24T11:39:42+00:00
DOMESTIC,LOWER NORTH,21,2025-10-24T11:39:42+00:00
DOMESTIC,SOUTH,3,2025-10-24T11:39:42+00:00
INTL,MAIN,5,2025-10-24T11:39:42+00:00
DOMESTIC,MAIN,9,2025-10-24T11:45:52+00:00
DOMESTIC,NORTH,20,2025-10-24T11:45:52+00:00
DOMESTIC,LOWER NORTH,14,2025-10-24T11:45:52+00:00
DOMESTIC,SOUTH,2,2025-10-24T11:45:52+00:00
INTL,MAIN,5,2025-10-24T11:45:52+00:00
DOMESTIC,MAIN,5,2025-10-24T11:52:17+00:00
DOMESTIC,NORTH,25,2025-10-24T11:52:17+00:00
DOMESTIC,LOWER NORTH,12,2025-10-24T11:52:17+00:00
DOMESTIC,SOUTH,0,2025-10-24T11:52:17+00:00
INTL,MAIN,8,2025-10-24T11:52:17+00:00
DOMESTIC,MAIN,4,2025-10-24T11:57:58+00:00
DOMESTIC,NORTH,20,2025-10-24T11:57:58+00:00
DOMESTIC,LOWER NORTH,16,2025-10-24T11:57:58+00:00
DOMESTIC,SOUTH,0,2025-10-24T11:57:58+00:00
INTL,MAIN,11,2025-10-24T11:57:58+00:00
DOMESTIC,MAIN,3,2025-10-24T12:12:12+00:00
DOMESTIC,NORTH,12,2025-10-24T12:12:12+00:00
DOMESTIC,LOWER NORTH,18,2025-10-24T12:12:12+00:00
DOMESTIC,SOUTH,4,2025-10-24T12:12:12+00:00
INTL,MAIN,11,2025-10-24T12:12:12+00:00
DOMESTIC,MAIN,2,2025-10-24T12:26:29+00:00
DOMESTIC,NORTH,11,2025-10-24T12:26:29+00:00
DOMESTIC,LOWER NORTH,4,2025-10-24T12:26:29+00:00
DOMESTIC,SOUTH,12,2025-10-24T12:26:29+00:00
INTL,MAIN,10,2025-10-24T12:26:29+00:00
DOMESTIC,MAIN,8,2025-10-24T12:45:59+00:00
DOMESTIC,NORTH,6,2025-10-24T12:45:59+00:00
DOMESTIC,LOWER NORTH,2,2025-10-24T12:45:59+00:00
DOMESTIC,SOUTH,1,2025-10-24T12:45:59+00:00
INTL,MAIN,11,2025-10-24T12:45:59+00:00
DOMESTIC,MAIN,7,2025-10-24T13:03:38+00:00
DOMESTIC,NORTH,6,2025-10-24T13:03:38+00:00
DOMESTIC,LOWER NORTH,2,2025-10-24T13:03:38+00:00
DOMESTIC,SOUTH,2,2025-10-24T13:03:38+00:00
INTL,MAIN,7,2025-10-24T13:03:38+00:00
DOMESTIC,MAIN,3,2025-10-24T13:20:00+00:00
DOMESTIC,NORTH,8,2025-10-24T13:20:00+00:00
DOMESTIC,LOWER NORTH,1,2025-10-24T13:20:00+00:00
DOMESTIC,SOUTH,0,2025-10-24T13:20:00+00:00
INTL,MAIN,2,2025-10-24T13:20:00+00:00
DOMESTIC,MAIN,3,2025-10-24T13:35:21+00:00
DOMESTIC,NORTH,4,2025-10-24T13:35:21+00:00
DOMESTIC,LOWER NORTH,4,2025-10-24T13:35:21+00:00
DOMESTIC,SOUTH,0,2025-10-24T13:35:21+00:00
INTL,MAIN,2,2025-10-24T13:35:21+00:00
DOMESTIC,MAIN,3,2025-10-24T13:45:49+00:00
DOMESTIC,NORTH,2,2025-10-24T13:45:49+00:00
DOMESTIC,LOWER NORTH,1,2025-10-24T13:45:49+00:00
DOMESTIC,SOUTH,0,2025-10-24T13:45:49+00:00
INTL,MAIN,2,2025-10-24T13:45:49+00:00
DOMESTIC,MAIN,3,2025-10-24T13:52:15+00:00
DOMESTIC,NORTH,3,2025-10-24T13:52:15+00:00
DOMESTIC,LOWER NORTH,1,2025-10-24T13:52:15+00:00
DOMESTIC,SOUTH,0,2025-10-24T13:52:15+00:00
INTL,MAIN,2,2025-10-24T13:52:15+00:00
DOMESTIC,MAIN,4,2025-10-24T13:57:54+00:00
DOMESTIC,NORTH,1,2025-10-24T13:57:54+00:00
DOMESTIC,LOWER NORTH,0,2025-10-24T13:57:54+00:00
DOMESTIC,SOUTH,0,2025-10-24T13:57:54+00:00
INTL,MAIN,2,2025-10-24T13:57:54+00:00
DOMESTIC,MAIN,3,2025-10-24T14:07:26+00:00
DOMESTIC,NORTH,3,2025-10-24T14:07:26+00:00
DOMESTIC,LOWER NORTH,0,2025-10-24T14:07:26+00:00
DOMESTIC,SOUTH,0,2025-10-24T14:07:26+00:00
INTL,MAIN,4,2025-10-24T14:07:26+00:00
DOMESTIC,MAIN,2,2025-10-24T14:18:06+00:00
DOMESTIC,NORTH,1,2025-10-24T14:18:06+00:00
DOMESTIC,LOWER NORTH,1,2025-10-24T14:18:06+00:00
DOMESTIC,SOUTH,0,2025-10-24T14:18:06+00:00
INTL,MAIN,2,2025-10-24T14:18:06+00:00
DOMESTIC,MAIN,4,2025-10-24T14:30:33+00:00
DOMESTIC,NORTH,2,2025-10-24T14:30:33+00:00
DOMESTIC,LOWER NORTH,1,2025-10-24T14:30:33+00:00
DOMESTIC,SOUTH,0,2025-10-24T14:30:33+00:00
INTL,MAIN,3,2025-10-24T14:30:33+00:00
DOMESTIC,MAIN,4,2025-10-24T14:40:52+00:00
DOMESTIC,NORTH,2,2025-10-24T14:40:52+00:00
DOMESTIC,LOWER NORTH,1,2025-10-24T14:40:52+00:00
DOMESTIC,SOUTH,0,2025-10-24T14:40:52+00:00
INTL,MAIN,3,2025-10-24T14:40:52+00:00
DOMESTIC,MAIN,5,2025-10-24T14:49:15+00:00
DOMESTIC,NORTH,1,2025-10-24T14:49:15+00:00
DOMESTIC,LOWER NORTH,1,2025-10-24T14:49:15+00:00
DOMESTIC,SOUTH,0,2025-10-24T14:49:15+00:00
INTL,MAIN,3,2025-10-24T14:49:15+00:00
DOMESTIC,MAIN,4,2025-10-24T14:55:52+00:00
DOMESTIC,NORTH,1,2025-10-24T14:55:52+00:00
DOMESTIC,LOWER NORTH,1,2025-10-24T14:55:52+00:00
DOMESTIC,SOUTH,0,2025-10-24T14:55:52+00:00
INTL,MAIN,3,2025-10-24T14:55:52+00:00
DOMESTIC,MAIN,4,2025-10-24T15:03:08+00:00
DOMESTIC,NORTH,1,2025-10-24T15:03:08+00:00
DOMESTIC,LOWER NORTH,1,2025-10-24T15:03:08+00:00
DOMESTIC,SOUTH,0,2025-10-24T15:03:08+00:00
INTL,MAIN,2,2025-10-24T15:03:08+00:00
DOMESTIC,MAIN,5,2025-10-24T15:12:54+00:00
DOMESTIC,NORTH,1,2025-10-24T15:12:54+00:00
DOMESTIC,LOWER NORTH,1,2025-10-24T15:12:54+00:00
DOMESTIC,SOUTH,0,2025-10-24T15:12:54+00:00
INTL,MAIN,4,2025-10-24T15:12:54+00:00
DOMESTIC,MAIN,5,2025-10-24T15:25:03+00:00
DOMESTIC,NORTH,3,2025-10-24T15:25:03+00:00
DOMESTIC,LOWER NORTH,1,2025-10-24T15:25:03+00:00
DOMESTIC,SOUTH,0,2025-10-24T15:25:03+00:00
INTL,MAIN,2,2025-10-24T15:25:03+00:00
